Bus Number,Starting Point,Ending Point,Via,High Frequency Route,Night Service Route,Low Frequency Route
1,Thiruvottiyur,Thiruvanmiyur,"Adyar, Mylapore, Royapettah, Parry's Corner, Kalmandapam, Tollgate, Rajakadai, Theradi",,,
101,Thiruvottiyur,Poonamallee,"Tollgate, Central, KMC, Mathuravoyal, Karayanchavadi",x,x,
10A,Tollgate,Saidapet West,"Kal mandapam, Parrys, Central R.S, Egmore R.S, Maternity Hospital, DPI, Sterling road, Valluvar Kottam, Panagal park, T.Nagar, Srinivasa Theater, Mettupalayam",,,x
10E,Ekkaduthangal,Broadway,"Central R.S, Egmore R.S, Maternity Hospital, DPI, Sterling road, Valluvar Kottam, Panagal park, T.Nagar, Srinivasa Theater, Mettupalayam, Ashok Nagar, Jaffarkhanpet",,,x
11,Broadway,T.Nagar,"Panagal park, Vani mahal, Thousand Lights, TVS, Central R.S",x,,
114,Red Hills,Vandalur Zoo,"Tambaram, Pallavaram, Guindy, Ashok nagar, Vadapalani, CMBT, Thirumangalam, Anna nagar west, Padi, Thathankuppam, Kolathur, Retteri, Puzhal, Kavangarai, Ayurveda Ashramam",x,,
114 cut,Red Hills,Koyambedu Market,"Puzhal, Nethaji Circle(byepass), Retteri, Thirumangalam",,,
114A,Red Hills,Ayanavaram,"Puzhal, Nethaji Circle(byepass), Retteri, Lucas, ICF",,,
114E,Koyambedu market,New Erumai Vettipalayam,"Red Hills, Puzhal, Nethaji Circle(byepass), Retteri",,,x
114P,Koyambedu Market,Padiyanallur,"Puzhal, Nethaji circle, Retteri, Lucas, Thriumangalam",,,
114S,Koyambedu Market,Seemavaram,"Thirumangalam, Anna nagar west, Kolathur, Retteri, Puzhal, Kavangarai, Ayurveda Ashramam, Red Hills, Padiyanallur, Sholavaram, Karnodai, Pudhupakkam, Kanniyampalayam, Chinnamadiyoor",,,
114T,Padiyanallur,T.Nagar,"Panagal park, Liberty, Power house, Vadapalani Koil, Vadapalani, CMBT, Thirumangalam, Anna nagar west, Kolathur, Retteri, Puzhal, Kavangarai, Ayurveda Ashramam, Red Hills",,,
114xt,Padiyanallur,Tambaram,"Tambaram, Pallavaram, Guindy, Ashok nagar, Vadapalani, CMBT, Thirumangalam, Anna nagar west, Padi, Thathankuppam, Kolathur, Retteri, Puzhal, Kavangarai, Ayurveda Ashramam, Red Hills",,,
118,Tambaram,Maraimalai Nagar I.E,"Irumbuliyur, Perugalathur, Vandalur Gate, Vandalur Zoo,Oorapakkam School, Oorapakkam Tea shop, Guduvanchery, SRM University",,,
118A,HighCourt,Oonamancheri,"LIC, TVS, Saidapet, Guindy, Pallavaram, Tambaram, Vandalur Zoo, Kolapakkam, U.Mandaveli",,,
118K,Tambaram,Kilakaranai Koot road,"Irumbuliyur, Perugalathur, Vandalur Gate, Vandalur Zoo,Oorapakkam School, Oorapakkam Tea shop, Guduvanchery, SRM University, Maraimalai nagar IE, Kilakaranai",,,
118P,Puzhuthivakkam,Guduvanchery,"Aadambakkam, Guindy,Pallavaram, Tambaram, Zoo",,,
119,Thiruvottriyur,Kovalam,"Broadway, Marina Beach, Thiruvanmiyur, Injambakkam",,,
119G,Guindy,Kelambakkam,"Velachery, Navalur",,,
11A,Vallalar Nagar,T.Nagar,"Annasalai, Central R.S, Parry's Corner, Stanley Hospital",x,,
11A xt,M.K.B Nagar East,T.Nagar,"Annasalai, Central R.S, Parry's Corner, Stanley Hospital, Vallalar nagar, Vysarpadi",x,,
11G,High Court,K K Nagar,"MGR Nagar, Ashok Pillar,Pangal Park, Annasalai, Central R.S, Parry's Corner",,,
11H,High Court,Iyyapanthangal,"Virugambakkam, K.K.Nagar, Pondy Bazaar, Anna Salai, Marina Beach",x,,
12,T.Nagar,Vivekananda House,"Teynampet, Alwarpet, Luz, Chennai Citi Centre",,,
120,Broadway,Avadi,"Central R.S, Purasaiwakkam, Sayani, ICF, Padi, Ambattur OT",x,x,
120C,Broadway,Thirumullaivoyal colony,"Central R.S, Purasaiwakkam, Sayani, ICF, Padi, Ambattur OT",,,x
121A,CMBT,Manali,"Madhavaram Milk Colony, Thapal petti, Moolakadai, Retteri, Lucas, Thirumangalam",,,
121B,CMBT,Minjur,"Napalayam, MFL, CPCL, Manali, Madhavaram Milk Colony, Thapal petti, Moolakadai, Retteri, Lucas, Thirumangalam",,,
121C,CMBT,Ennore,"Ernavoor gate, MFL, CPCL, Manali, Madhavaram Milk Colony, Thapal petti, Moolakadai, Retteri, Lucas, Thirumangalam",,,
121D,CMBT,Manali New Town,"MFL, CPCL, Manali, Madhavaram Milk Colony, Thapal petti, Moolakadai, Retteri, Lucas, Thirumangalam",,,
121E,Pattabiram,M.K.B Nagar,"Vyasarpadi, Moolakadai, TVK Nagar, Retteri, Lucas, Ambattur, Avadi",,,x
121G,CMBT,Kaviarasu Kannadasan Nagar,"Moolakadai, Retteri, Lucas, Thirumangalam",,,
127B,Anna Square,Thiruverkadu,"Maduravoyal, KoyambeduMarket, Amijikarai, KMC, Chetpet, EgmoreR.S, Chindhatripet, Triplicane",,,
127H,Anna Square,Villivakkam,"Triplicane, LIC, DPI, Sterling Road, Anna Arch, Thirumangalam, Nadhamuni",,,x
129,Perambur,Okkium Thoraipakkam,"Perungudi, Tidel Park, Saidapet, Gemini, LIC, KMC, SHIVASHANMUGAPURAM",,,
129C,Perambur,Nanganallur,"T.Nagar,Sterling Road,Chetpet,Otteri",,,
12A,T. Nagar,Foreshore Estate,"Pondy bazaar,Alwarpet, Luz, Santhome",,x,
12B,Foreshore Estate,Vadapalani,"Kodambakkam, Pondy Bazaar, Alwarpet, Luz, Santhome",x,x,
12B xt,Foreshore Estate,Koyambedu Market,"CMBT, MMDA Colony, Vadapalani, Kodambakkam, Pondy Bazaar, Alwarpet, Luz, Santhome",x,,
12B xt,Foreshore Estate,Iyyapanthangal,"Porur, Virugambakkam, Vadapalani, Liberty, Pondy Bazaar, Alwarpet, Luz, Santhome",x,,
12C,Saligramam,Mylapore,"Vadapalani, Rangarajapuram, Panagal Park, S.I.E.T, Adyar Gate, Mandaveli",,,
12G,Anna Square,K K Nagar,"MGR Nagar, Ashok Pillar, West Mambalam, Alwarpet, Luz",x,,
13,T.Nagar,Triplicane,"Zambazzar, Express Avenue, Royapettah, Gopalapuram Playground, Sapphire, LFC, Vanimahal",,,
134A,Thiruvottiyur,Mogappair West,,,,
138A,Thiruvottiyur,Periyar Nagar,"Tondiarpet, Mint, Basin Bridge, Vyasarpadi, Moolakadai, TVK Nagar",,,
13A,T.Nagar,Triplicane,"Zambazzar, Express Avenue, Royapettah, Gopalapuram playground, Sapphire, LFC, Vanimahal",,,
13B,T. Nagar,Anna Square,"Triplicane, Zambazzar, Express avenue, Royapettah, Gopalapuram playground, Sapphire, Teynampet, Pondy Bazzar",,,
142,Perambur,Vinayagapuram,,,,
142B,Broadway,Peravallur Kumaran Nagar,,,,
142P,Broadway,Puthagaram,,,,x
147,T.Nagar,Madhavaram,"Moolakadai, Retteri, Thirumangalam, Rountana, Loyola College, Mahalingapuram, Panagal park",,,x
147A,T.Nagar,Mugappair East,Anna Nagar,,,
147B,T.Nagar,Mugappair West,Anna Nagar,,,
147C,T.Nagar,Ambattur O.T.,"Collector Nagar, Blue Star, Anna Hospital, Loyalla College, Sterling Road, Valluvar Kottam",x,,
147Cxt,T.Nagar,Ayapakkam,Ambattur I.E,,,x
147S,T.Nagar,Senthil Nagar,"Thirumullaivoyil, Ambattur OT, Collector Nagar, Roundtana, Loyallo College, Valluvar Kottam",,,
147T,T.Nagar,Mathur MMDA,"Madhavaram, Moolakadai, Retteri, Thirumangalam, Rountana, Loyola College, Mahalingapuram, Panagal park",,,x
15,Broadway,Anna NagarWest,,,,
150,Broadway,Avadi,"Central, Dasaprakash, KMC, Amijikarai, Arumbakkam, Koyambedu, Nerkundram, Maduravoyal, Vanagaram, Velappan chavadi, Thiruverkadu, Govardhangiri, Avadi Market",,,x
151,High Court,Vengaivasal P.H. Centre,"Secretariat, Marina Beach, Santhome, Adyar, Anna university, Velachery, Pallikkaranai, Medavakkam, Kamarajapuram, Rajakeelpakkam, Madambakkam",,,
151A,High Court,Noothancherry,"LIC, DMS, Saidapet, Velachery, Pallikkaranai, Medavakkam, Kamarajapuram, Rajakeelpakkam, Madambakkam",,,
152B,Hasthinapuram,High Court,"Chrompet, Pallavaram, Guindy, Adayar B.S, Mandaveli, Mylapore, LUZ, QMC, V.House, Secretariat",,,x
153,Broadway,Thirumazhisai,"Central R.S, KMC, Madhuravoyal, Poonamallee",,,
154,T. Nagar,Pattur,"Mangadu, Iyyapanthangal, Porur, Ramapuram, St.Thomas Mount, Guindy, Saidapet",,,
154A,Thirunindravur,T. Nagar,"Kosavapalayam, Pudhuchatiram, Vellavedu, Thirumazhisai, Poonamallee, Kumananchavadi, Iyyapanthangal, Porur, Guindy, Saidapet",,,
154B,Poonamallee,Nanganallur,"Kumanachavadi, Porur, Guindy,St.Thomas Mount,Vanuvampet",,,
154E,Vellavedu,Ekkaduthangal,"Poonamallee, Kumananchavadi, Porur, Guindy",,,x
155A,Thirumudivakkam,Broadway,"Thiruneermalai, Nagakeni, Pallavaram, Guindy, Saidapet, DMS, LIC, Central R.S",,,x
156,Thiruvotriyur,Karanodai,,,,
157E,Red Hills,Ennore,"Puzhal, Moolakadai,Sharma Nagar, M.K.B Nagar, Korukkupettai, Tondaripet, Tollgate, Theradi, Thiruvottiyur",,,
159,Thiruvottiyur,Thiruverkadu,"Tollgate, Tondiarpet, V.Nagar, Regal, Choolai P.O., Purasawakkam High Road, Kellys, Aminjikarai, Koyambedu, Nerkundram, Maduravoyal, Velappanchavadi",,,
159A,Thiruvotriyur,CMBT,"Tollgate, Tondiarpet, V.Nagar, Regal, Choolai P.O., Purasawakkam High Road, Kellys, Aminjikarai, Arumbakkam",x,x,
159B,Tollgate,CMBT,"Tondiarpet, V.Nagar, Regal, Choolai P.O., Purasawakkam High Road, Kellys, Aminjikarai, Arumbakkam",,,
159C,Thiruvottiyur,Koyambedu Market,"Tollgate, Tondiarpet, V.Nagar, Regal, Choolai P.O., Purasawakkam High Road, Kellys, Aminjikarai, Arumbakkam",,,
159D,CMBT,I.O.C,"Tondiarpet, V.Nagar, Regal, Choolai P.O., Purasawakkam High Road, Kellys, Aminjikarai, Arumbakkam",,,x
159E,CMBT,Ennore,"Ashok Leyland, Ernavoor Gate, Thiruvottriyur, Therady, Tollgate, Tondiarpet, V.Nagar, Regal, Choolai P.O., Purasawakkam High Road, Kellys, Aminjikarai, Arumbakkam",,,
159K,CMBT,Kargil Nagar,"Thiruvottriyur, Therady, Tollgate, Tondiarpet, V.Nagar, Regal, Choolai P.O., Purasawakkam High Road, Kellys, Aminjikarai, Arumbakkam",,,x
15A,Broadway,Anna Nagar West,Kilpauk,,,
15B,Broadway,CMBT,"Amijikarai, KMC, Dasaprakash, Central R.S",x,x,
15D,Broadway,Anna Nagar West,"Dasaprakash, Anna Hospital, 14 Shops",,,
15F,Broadway,Vadapalani,"Virugambakkam, Chinmaya nagar, Koyambedu Market, CMBT, Amijikarai, KMC, Dasaprakash, Central R.S",x,x,
15F cut,Broadway,Koyambedu Market,"CMBT, Amijikarai, KMC, Dasaprakash, Central R.S",,,
15G,Broadway,MMDA Colony,"Central, Egmore, Dasaprakash, KMC, Taylor's Road, Aminjikarai, Razakgarden, Watertank",x,,
15L,Broadway,Athipet ICF colony,,,,
162,Madhavaram,Poonamallee,"Koyambedu Junction, Mathuravoyal, Kumananchavadi, Karaiyanchavadi",,,x
162A,Mathur MMDA,Avadi,Puzhal,,,x
164,Mathur MMDA,Perambur,"Madhavaram Milk colony, Thapal petti, Moolakadai",,,
164C,Broadway,Manali,,,,
166,Tambaram,Iyyappanthangal,"Porur, Kundrathur, Anagaputtur, Pammal, Pallavaram, Chromepet",,,
17,Broadway,Vadapalani,"Central,Chindatripet,Egmore RS, Chetpet,Sterling road, Loyola college, Kodambakkam",,,
170,Tambaram,Thiruverkadu,"CMBT, Vadapalani, Guindy, Pallavaram, Chromepet",x,,
170A,Madhavaram,Vandalur Zoo,"Thapal petti, Moolakadai, Retteri, Thirumangalam, CMBT, Vadapalani, Guindy, Pallavaram, Tambaram",,,
170B,TVK Nagar,Tambaram,"Kolathur, Retteri, Thirumangalam, CMBT, Vadapalani, Ashok Pillar, Guindy, Pallavaram",,,
170C,Guindy Estate,TVK Nagar,"Kolathur, Retteri, Thirumangalam, CMBT, Vadapalani, Ashok Pillar",x,,
170C xt,Guindy Estate,Manali,"Madhavaram Milk colony, Thapal petti, Moolakadai, TVK Nagar, Retteri, Thirumangalam, CMBT, Vadapalani",x,,
170D,Kannadasan Nagar,Guindy Estate,"Moolakadai, Retteri, Thirumangalam, CMBT, Vadapalani,Ashok Pillar, Ekkattuthangal",,,x
170E,Tambaram,I.O.C,"Korukkupettai, Kannadasan Nagar, Moolakadai, Retteri, Thirumangalam, CMBT, Vadapalani, Guindy, Pallavaram",,,x
170G,Tambaram,Periyar Nagar,,,,
170J,CMBT,West Saidapet,"Guindy, Udhayam, Vadapalani,MMDA Colony",,,
170K,Ambattur O.T,Guduvanchery,"V.Z00, Tambaram, Pallavaram, Guindy, Udhayam, Vadapalani, CMBT, Anna Nagar, Padi, Ambattur I.E",,,
170L,Kallikuppam,Vandalur Zoo,"Tambaram, Pallavaram, Guindy, Vadapalani, CMBT, Anna Nagar, Padi, Ambattur I.E, Ambattur OT, Pudur",,,
170M,Velachery,Manali,"Madhavaram Milk colony, Thapal petti, Moolakadai, TVK Nagar, Retteri, Thirumangalam, CMBT, Vadapalani, Ashok pillar, Guindy, Checkpost",x,,
170N,Kilkattalai,Perambur,"Nanganallur, Guindy, Udhayam, Vadapalani, CMBT, Thirumangalam, Retteri, Venus",,,
170P,Pattabiram,Tambaram,"Avadi, Ambattur OT, Golden Flats, Thirumangalam, CMBT, Vadapalani, Pallavaram, Chrompet",,,x
170R,CMBT,Andarkuppam,"Thirumangalam, Madhavaram, Kosappur",,,
170T,Vandalur Zoo,Kaviarasu Kannadasan Nagar,"MR Nagar, Moolakadai, Retteri, Thirumangalam, CMBT, Vadapalani, Guindy, Pallavaram, Tambaram",,,
17A,Broadway,CMBT,"Koyambedu Market, Virugambakkam, Vadapalani, Gemini",,,
17B,Broadway,Mangadu,"Paranipathur, Baikadai, Moulivakkam, Porur, Virugambakkam, Vadapalani, Gemini, Thousand lights, Central",,,
17C,Broadway,Iyyapanthangal,"Central, Egmore, DPI, Sterling Road, Valluvarkottam, Liberty, Vadapalani, Virugambakkam, Valasarawakkam, Porur, SRMC",x,,
17D,Broadway,K K Nagar,"Central, Egmore, DPI, Sterling Road, Valluvarkottam, Liberty, Udhayam, Nesapakkam",x,,
17E,Broadway,Saligramam,"Central, Chindatripet, Egmore, DPI, Sterling Road, Valluvarkottam, Liberty, Vadapalani",,,
17G,Broadway,Mogalivakkam,"Kedar Hospital, Ramapuram, Angalamman Koil, Alwarthirunagar, Virugambakkam, Vadapalani, Gemini, Thousand lights, Central",,,
17J,CMBT,Iyyapanthangal,"Virugambakkam, Vadapalani",,,
17K,Broadway,Dasarathapuram,"Central, Egmore, DPI, Sterling Road, Valluvarkottam, Liberty, Vadapalani",,,
17M,Broadway,Iyyapanthangal,"Porur, Virugambakkam, Vadapalani, Kodambakkam Power house, Liberty, Periyar Road, Valluvar kottam, Gemini, Thousand lights, TVS, LIC, Simpson, Central",x,x,
17P,Vadapalani,Pattur,"Mangadu, Porur, Virugambakkam",,,
18,Broadway,Guindy,"Central R.S, Zimson, Shanthi Theater, LIC, TVS, Thousand Lights, DMS, Vanavil, SIET, Defence Accounts office, Nandanam, Saidapet",x,,
188C,Kundrathur,High Court,"Koovoor, Periyapannicherry, Kolapakkam, Manapakkam, Nandambakkam,Butt road, Kathipara, Guindy I.E, Little Mount, Saidapet, DMS, LIC,Central Railway Station",,,x
188K,Katrambakkam,T.Nagar,"Kundrathur, Koovoor, Periyapannicherry,Baikadai, Moulivakkam, Porur, Manapakkam, Nandambakkam,Butt road, Kathipara, Guindy I.E, Little Mount, Saidapet",,,x
18A,Broadway,Perugalathur,"LIC, TVS, Saidapet, Guindy, Pallavaram, Chrompet, Tambaram Sanatorium, Tambaram",x,,
18D,Broadway,Kilkattalai,"LIC, TVS, Saidapet, Guindy, St. Thomas Mount",,,
18E,Broadway,Ramapuram,"LIC, TVS, Saidapet, Guindy, Nandambakkam",,,x
18F,Broadway,Guindy,"Central R.S, Simpson, LIC, TVS, DMS, Nandanam, CIT Nagar, Srinivasa, Mettupalayam, Saidapet West",,,
18H,Tambaram,Naduveerapattu,"Kannadapalayam, Pazhanthandalam Koot road, Ettayapuram, Somangalam Koot road",,,
18K,Broadway,Saidapet West,"Central R.S, Simpson, LIC, TVS, DMS, Teynampet, Nandanam, CIT Nagar, Srinivasa, Mettupalayam",x,,
18L,Tambaram,Madambakkam,"Perugalathur, Vandaloor Zoo, Guduvanchery, Madambakkam koot road",x,,
18P,High Court,Velachery,"Central R.S, Simpson, LIC, TVS, DMS, Teynampet, Nandanam, Saidapet, Guindy RS, Checkpost",x,,
18S,Tambaram,Somangalam,"Kannadapalayam, Pazhanthandalam Koot road, Ettayapuram, Somangalam Koot road, Poonthandalam",x,,
19B,Saidapet,Kelambakkam,"IIT Chennai, Madhya Kailash, Tidel Park, Thoraipakkam, SIRUSERI",x,,
19B xt,Saidapet,Thirupporur,"IIT Chennai, Madhya Kailash, Tidel Park, Thoraipakkam, SIRUSERI,Kelambakkam",,,
19C,T. Nagar,Okkiam Thorapakkam,"Saidapet, Madhya Kailash, Tidel park, SRP Tools, Perugudi",,,
19D,Adyar,Chemmenchery,"Thiruvanmiyur, SRP, Perungudi",,,
19G,Broadway,Kovalam,"Central, LIC, DMS, SIET, Saidapet, Anna university, Adyar, Thiruvanmiyur, Kottivakkam, Palavakkam, Neelangarai, Injambakkam, Uthandi, Kanathur, Muttukadu boat yard",x,,
19H,T.Nagar,Kanathur,"Saidapet, Anna university, Adyar, Thiruvanmiyur, Kottivakkam, Palavakkam, Neelangarai, Injambakkam, Uthandi",x,,
19K,Adyar B.S.,Siruseri,"Thiruvanmiyur, Perungudi, Navalur, Thalambur",,,
19P,Adyar B.S.,Kelambakkam,"SRP Tools, Perugudi, Sholinganallur, Navalur, Thalambur, Sirusery, Pudupakkam, Chettinad Hospital",,,
19T,T.Nagar,Thalambur,"Saidapet, SRP Tools, Sholinganallur, Navalur",,,
19V,Velachery,Kovalam,"Taramani, SRP Tools, Jayanthi, Thiruvanmiyur, Injambakkam, MGM, Muttukadu",,,
1A,Thiruvottiyur,Thiruvanmiyur,"Adyar, Mylapore, Royapettah, Central R.S, Kalmandapam, Tollgate, Rajakadai, Theradi",x,,
1B,Thiruvottiyur,Tambaram,"Chrompet, Pallavaram, Guindy, Teynampet, D.M.S, L.I.C, Central R.S, Parry's Corner, Kalmandapam, Tollgate",x,x,
1C,Thiruvanmiyur,Ennore,"Adyar, Mylapore, Royapettah, Parry's Corner, Kalmandapam, Tollgate, Rajakadai, Theradi, Azax, Ernavoor",,,
1D,Thiruvanmiyur,Ennore,"Adyar, Mylapore, Royapettah, Parry's Corner, Kalmandapam, Thalankuppam",,,
1E,Ennore,Tambaram,"Chrompet, Pallavaram, Guindy, Teynampet, D.M.S, L.I.C, Central R.S, Parry's Corner, Kalmandapam, Tollgate, Thiruvottiyur",,,x
1G,Thiruvottiyur,Velachery,"Saidapet, Annasalai, Parry's Corner, Kalmandapam, Tollgate",,,
1G Cut,Broadway,Madipakkam,"Velachery, Saidapet, TVS, LIC",,,
1G xt,Thiruvottiyur,Medavakkam,"Velachery, Saidapet, TVS, LIC, Parry's Corner, Kalmandapam, Tollgate",,,
1J,Thiruvottiyur,Triplicane,"Rajakadai, Tollgate, Kalmandappam, Parry's Corner, Central R.S",,,
20,Broadway,Villivakkam,,,,
20A,Broadway,Mugappair West,"Central RS, Periyamedu, Purasaiwakkam, Villivakkam, Nadhamuni, Ambattur I.E",,,x
20B,Broadway,Menambedu,"Purasaiwakkam, Villivakkam, Nadhamuni, Padi, Ambattur I.E, Dunlop, Ambattur OT",,,
20C,Broadway,Oragadam,"Purasaiwakkam, Villivakkam, Nadhamuni, Padi, Ambattur I.E, Dunlop, Ambattur OT",,,
20E,Ayyapakkam,Ambattur I.E,,,,
20J,Ayyapakkam,CMBT,,,,x
20K,Ambattur I.E,Thiruverkadu,,,,x
20M,Broadway,Kumaran Nagar,Villivakkam,,,
20N,Broadway,Poombukar,Villivakkam,,,x
20P,Ambattur I.E,Poonamallee,"Ayapakkam, Saveetha Engineering College, Kumananchavadi, Karaiyanchavadi",,,
20T,Villivakkam,Thiruverkadu,"Ambattur I.E, Ayapakkam",,,
21,Broadway,Mandaveli,"Mylapore, Luz, Ajanta, Express Avenue, L.I.C, Simpson, Central",x,,
219,Kelambakkam,Ambattur I.E,"Collector Nagar, Thirumangalam, Anna Arch, Choolaimedu, Mahalingapuram, T.Nagar, Saidapet, Madhya Kailash, Tidel Park, Thoraipakkam, Siruseri",,,
21D,Broadway,Thiruvanmiyur,"Indira Nagar, Besant Nagar, Foreshore Estate, Anna Square",x,,
21E,Broadway,Iyyapanthangal,"Porur, Guindy, Adayar, Foreshore Estate, Anna Square",,,
21G,Broadway,Tambaram,"Secretariat, Kannaki Statue, QMC, Kalyani Hospital, Sanskrit College, Luz, Mylapore, Mandaveli BS, Adyar Gate, Kotturpuram, Anna university, Guindy, Pallavaram",x,,
21H,Broadway,Kelambakkam,"Secretrariat, Anna Square, AIR, Santhome, Foreshore Estate, MRC Nagar, Adyar, SRP Tools, Perungudi, Sholinganallur, Navalur",x,,
21H Cut,Thiruvanmiyur,Kelambakkam,"SRP Tools,Perungudi,Sholinganallur,Navalur,Padur",,,
21H xt,Thiruvotriyur,Kelambakkam,"Tollgate, Broadway, Secretrariat, Anna Square, AIR, Santhome, Foreshore Estate, MRC Nagar, Adyar, SRP Tools,Perungudi,Sholinganallur,Navalur",,,
21J,Velachery,Guduvanchery,"Pallikkaranai, Medavakkam, Kamarajapuram, Camp Road, Poondi Bazar, Tambaram Sanatorium, Tambaram West, Vandalur",,,
21J cut,Velachery,Tambaram West,"Pallikkaranai, Medavakkam, Kamarajapuram, Camp Road, Poondi Bazar, Tambaram Sanatorium",,,
21K,Broadway,Bharath Electronics,"Secretrariat, Anna Square, AIR, Santhome, Foreshore Estate, MRC Nagar, Adyar, Anna University, Guindy, Butt Road, Defence Colony",,,
21L,Broadway,Velachery,"Marina Beach, Foreshore Estate, MRC Nagar, Adyar, Anna University, Rajbhavan, Checkpost, Dhandeswarnagar",x,,
21L xt,Broadway,Kilkattalai,"Marina Beach, Foreshore Estate, MRC Nagar, Adyar, Anna University, Velachery",,,
21P,Velachery,Tambaram,"Madipakkam, Kilkattalai, Eachangadu, Chromepet",,,
22,Ayanavaram,Anna Square,"Egmore, Triplicane,Kannagi statue",x,,
221H,Kelambakkam,Central R.S,"LIC,DMS, Saidapet,IIT Chennai, Madhya Kailash, Tidel Park, Thoraipakkam, SIRUSERI",x,,
22A,Thirunamiyur,Ambattur I.E,"Korattur, Lucas, Nathamuni, ICF, Ayanavaram, Kellys, Purasaiwakkam, Egmore, Triplicane,Kannagi statue, Santhome, AMS, Adyar",,,
22B,Korattur,Anna Square,"Lucas, Nathamuni, ICF, Ayanavaram, Kellys, Purasaiwakkam, Egmore, Triplicane,Kannagi statue",,,
22M,Thirunamiyur,Manali,"Mathur Gate,Moolakadai,Vysarpadi, Egmore, Triplicane,Kannagi statue, Adyar",,,
23C,Ayanavaram,Besant Nagar/Thiruvanmiyur,"Purasaiwakkam, Egmore, LIC, TVS, Saidapet, Adyar",x,,
23C xt,Korattur,Thiruvanmiyur,"Lucas, Nathamuni, ICF, Ayanavaram, Purasaiwakkam, Egmore, LIC, TVS, Saidapet, Adyar",,,
23M,Thiruvanmiyur,CMBT,"Jayanthi, Adyar, Gandhi mandapam, Little mount, Saidapet, T.Nagar, Panagal park, Liberty, Power house, Vadapalani, MMDA Colony",,,
23M cut,Besant nagar,CMBT,"Adyar, Gandhi mandapam, Little mount, Saidapet, T.Nagar, Panagal park, Liberty, Power house, Vadapalani, MMDA Colony",,,
23V,Velachery,Villivakkam,"ICF, Ayanavaram, Purasaiwakkam, Egmore, LIC, TVS, Saidapet, Check post",,,
242,Red Hills,Broadway,"Central R.S, Vepery, Doveton, Perambur, Kolathur, Puzhal",x,x,
242xt,Red Hills,Anna Square,,,,
242xt,Padiyanallur,Broadway,"Perambur, Central R.S",,,
248,V Nagar,Pudur,"Ambattur, Ambattur IE, Padi, Nadhamuni, ICF, Joint Office, Otteri, Pattalam, Pulianthopu Police station, Basin Bridge",x,,
248A,V Nagar,Kallikuppam,Pudur,,,
248P,V Nagar,Puthagaram,Pudur,,,x
248xt,V Nagar,Oragadam,"Ambattur, Ambattur IE, Padi, Lucas TVS, ICF, Joint Office, Otteri, Basin Bridge",,,
24A,V House,Anna Nagar West,"Shanthi Colony, K4 Police station, Chinthamani, Aminijikarai, Chetpet, Gemini, Royapetah",x,,
24C,V House,Avadi,"Ambattur OT, Collector Nagar, Blue Star, Chinthamani, Aminijikarai, Chetpet, Gemini, Royapetah",x,,
251A,Agaramthen,T.Nagar,"Bharath Engg. College, Camp Road, Kamarajapuram, Medavakkam, Velachery, Saidapet",,,
253,Aminjikarai,Vellavedu,"NSK, Mathuravoyal, Vellapanchavadi, Kumananchavadi, Poonamallee, Thirumazhisai",x,,
254,High Court,Iyyapanthangal,"SRMC, Porur, Ramapuram, Guindy, Saidapet, SIET, DMS, TVS, LIC, Central R.S.",,,
25G,Anna Square,Poonamallee,"Kannaki Statue, V.House, Royapettah, Palmgrove, Liberty, Vadapalani, Porur, Iyyapanthangal, Kumananchavadi",x,x,
266,Avadi,Tambaram,"Govardhanagiri, Kaduveti, Karaiyanchavadi, Kumananchavadi, Mangadu, Kundrathur, Pallavaram",x,,
270J,CMBT,Mathur,"Thirumangalam, Madhavaram",,,
27B,CMBT,Anna Square,"Koyambedu, Arumbakkam, NSK nagar,Amijikarai, KMC, Chetpet, MMC School, Egmore RS, Chindatripet, Zimson, Triplicane, Kannaki Statue",x,x,
27C,T. Nagar,Thiruverkadu,"Panagal park, Bharathinagar, Liberty, Power house, Vadapalani, MMDA Colony, CMBT, Koyambedu Market, Nerkundram, Maduravoyal, Vanagaram, Velappan chavadi",x,,
27C cut,T. Nagar,Anna nagar West,"Panagal park, Bharathinagar, Liberty, Power house, Vadapalani, MMDA Colony, CMBT, Thirumangalam",,,
27D,Foreshore Estate,Villivakkam,"Santhome, AIR, V.M.Street, Stella Maris College, Thousand Lights, LIC, Pudhupet, Maternity Hospital, Egmore RS, Dasaprakash, Purasaiwakkam, Kellys, Ayanavaram, ICF",x,,
27E,Anna Square,Elango nagar officer colony,"Collector nagar, Thirumangalam, Rountana, Amijikarai, KMC, Egmore RS, Zimson, Triplicane, Kannaki Statue",,,
27H,Anna Square,Avadi,"Triplicane, LIC, DPI, Sterling Road, Anna Arch, Thirumangalam, Padi, Ambattur OT",x,,
27H xt,Anna Square,Pattabiram,"Triplicane, LIC, DPI, Sterling Road, Anna Arch, Thirumangalam, Padi, Ambattur OT, Avadi",x,,
27L,Anna Square,Mogappair West,"Triplicane, Ethiraj College, Loyola College, Choolaimedu, Thirumangalam",x,,
27R,Anna Square,Oragadam,"Triplicane, LIC, DPI, Sterling Road, Choolaimedu, Anna Arch, Thirumangalam, Vavin, Ambattur I.E, Ambattur OT",,,x
27T,T.Nagar,Oragadam,"Ambattur OT, Ambattur I.E, Collector Nagar, CMBT, Vadapalani, Liberty, Bharathi nagar, Panagal park",,,
28,Egmore R.S,Thiruvotriyur,"Tollgate,Tondiarpet,Vallalarnagar,Regal, Central RS, Chindatripet",x,,
28A,Egmore R.S,Manali,"Andankuppam, Thiruvottriyur, Tollgate, Tondiarpet, Vallalarnagar, Regal, Central RS",x,,
28B,Egmore R.S,Ennore,"Ernavoor, Thiruvottriyur, Tollgate, Tondiarpet, Vallalarnagar, Regal, Central RS, Chindatripet",x,,
28D,Thiruvottiyur,T.Nagar,"Therady, Rajakadai, Tollgate, Tondiarpet, Vallalar nagar, Regal, Central, Zimson, LIC, TVS, Thousand Lights, DMS, Panagal park",,,x
29,Vinayagapuram,Mandaveli,"Kolahur, Agaram, Venus, Ptaaalam, Doveton, Egmore, L.I.C, Royapettah, Luz, Mylapore",,,
29A,Perambur,Anna Square,"Otteri, Devoton, Egmore, Pudhupet, Walaja Road, Bells Road, Triplicane",x,,
29B,Perambur,Saidapet,"Otteri, Doveton, KMC, Chetpet, Sterling Road/College Road, Gemini, DMS, T.Nagar",x,,
29C,Perambur,Besant Nagar /Thiruvanmiyur,"Jamaliya, Otteri, KMC, Chetpet, Sterling Road/College Road, Gemini, Mylapore, Mandaveli, Adyar",x,,
29C xt,Mathur MMDA,Thiruvanmiyur,"Madhavaram Milk colony, Thapal petti, Moolakadai, Perambur",,,
29D,Mathur MMDA,V House,"Madhavaram Milk colony, Thapal petti, Moolakadai, Perambur, Otteri, Devoton, Egmore, Pudhupet, Walaja Road",,,
29E,Perambur,Thiruverkadu,"Otteri, Purasawakkam High Road, Kellys, Aminjikarai, Koyambedu, Nerkundram, Maduravoyal, Velappanchavadi",,,
29G,Thiruvanmiyur,Parvathy Nagar (Kodungaiyur),"Moolakadai, Perambur, Doveton, Egmore, LIC, Royapettah, Mylapore, Mandaveli, Adyar",,,
29J,Madhavaram,Mandaveli,"Moolakadai, Perambur, Jamaliya, Otteri, KMC, Chetpet, Sterling Road/College Road, Gemini, Mylapore",,,x
29L,Periyar Nagar,Thiruvanmiyur,"Egmore, Teynampet, Saidapet, Adyar",,,
29N,Velachery,Perambur,"Saidapet, T. Nagar, DMS, Gemini, Sterling Road/College Road, KMC",,,
2A,Anna Square,M.K.B Nagar,"Vyasarpadi, Basin Bridge, Regal, Elephant gate, Central R.S, P R & sons, Walaja Road, Bells Road",,,
2A xt,Anna Square,Kaviarasu Kannadasan Nagar,M.K.B Nagar,,,
32,V. House,Vallalar Nagar,"Broadway, Central R.S., Simpson",x,,
32A,Tollgate,Foreshore Estate,"Maharani, Tondiarpet, Vallalar nagar, Broadway, Central R.S., Triplicane, V.House, AIR, Santhome",x,,
32B,V. House,Korukkupet,"Vallalar nagar, Broadway, Central R.S., Simpson",x,,
33,Broadway,M.K.B Nagar,"Vyasarpadi, Basin Bridge, Mint, Mannadi",x,,
34,Thiruvottiyur,Ambattur I.E,,x,,
34xt,Thiruvottiyur,Pattabiram,Ambattur I.E,,,x
35,Ayanavaram,Broadway,"Sayani, Kellys, Purasaiwakkam, Choolai P.O, Central R.S",,,x
37,V Nagar,Vadapalani,"Regal, Choolai P.O., Purasaivakkam,KMC, Chetpet,Sterling road, Valluvarkottam, Liberty",x,,
37C,Villivakkam,Vadapalani,"Kambar Arangam,Ayanavara,Kellys,Purasaiwakkam, Egmore,DPI, Sterling Road, Valluvarkottam, Liberty",x,,
37D,V Nagar,KK Nagar,"Regal, Choolai P.O., Purasaivakkam,KMC, Chetpet,Sterling road, Valluvarkottam, Liberty, Samiarmadam, Udhayam, Nesapakkam, MGR Nagar",x,,
37E,M.K.B Nagar,Vadapalani,"Vysarpadi, V Nagar,Regal,Choolai P.O.,Purasaiwakkam, Egmore,DPI, Sterling Road, Valluvarkottam, Liberty",x,,
37E xt,Iyyapanthangal,Kaviarasu Kannadasan Nagar,"M.K.B Nagar, Vysarpadi, V Nagar,Regal,Choolai P.O.,Purasaiwakkam, Egmore,DPI, Sterling Road, Valluvarkottam, Liberty, Vadapalani, Porur, SRMC",x,,
37G,Iyyapanthangal,V Nagar,"Regal, Choolai P.O., Purasaivakkam,KMC, Chetpet,Sterling road, Valluvarkottam, Liberty, Vadapalani, Porur, SRMC",x,,
38A,Mathur MMDA,Broadway,,,,x
38C,TVK Nagar,V House,"Venus, Perambur, Pattalam, Bhuvaneswari, Doveton, Choolai P.O, Central R.S, Simpson, Adam market, Triplicane P.O",x,,
38D,Tiruvottiyur,Parvathy Nagar (Kodungaiyur),,x,,
38H,Madhavaram,Broadway,"Thapal Petti, Moolakadai, Sharma nagar, Vyasarpadi, Basin Bridge, Mint, Stanley, Beach R.S",x,,
38J,Madhavaram,T.Nagar,"Thapal Petti, Moolakadai, Sharma nagar, Vyasarpadi, Basin Bridge, Mint, Stanley, Beach R.S, Broadway, Central, LIC, TVS, DMS, Panagal Park",,,
3A,High Court,Mandaveli,"Mylapore, Luz, Alwarpet, Royapetah, L.I.C, Central",,,x
4,Thiruvottiyur,Thiruvanmiyur,"Adyar, Mylapore, Luz, Music Academy, Royapettah, LIC, Central R.S, Regal, Vallalar Nagar, Tondiarpet, Tollgate, Therady",,,x
40,Anna Square,Meenambedu,"Triplicane, Pudhupet, Egmore, Dasaprakash, Taylors road, ICF, Nathamuni, Lucas, Ambathur IE, Ambathur OT, Venkatapuram",,,
40A,Anna Square,Avadi,"Triplicane, LIC, Egmore, KMC, Aminjikarai, Chinthamani, Blue Star, Collector Nagar, Ambattur OT",x,,
40A xt,Egmore,Veppampattu,"KMC, Aminijikarai, Chinthamani, Blue Star, Collector Nagar, Ambattur OT, Avadi, Pattabiram, Thirunindravur",,,x
41C,Thiruvanmiyur,Anna Nagar West,"Adyar Depot, Adyar, AMS, Mandaveli, Mylapore, Luz, Alwarpet, DMS, Gemini, Sterling Road, Chetpet, KMC, Amijikarai, Rountana, Thirumangalam",,,x
41D,Mandaveli,Avadi,"Ambattur OT, Korattur, Lucas,Thirumangalam, Amijikarai, KMC, Chetpet,Sterling road, Gemini,Teynampet,Nandanam, Adyar Gate",x,,
41D Cut,Mandaveli,Senthil Nagar,"Thirumullaivoyal, Ambattur OT, Korattur, Amijikarai,KMC, Chetpet, Sterling road, Gemini,Teynampet, Nandanam",,,x
41F,Mandaveli,CMBT,"Luz, Gemini, Valluvar Kottam, Loyola College, Choolaimedu, Anna Arch",,,x
41G,Thiruvanmiyur,Oragadam,"Amabattur OT, Ambathur IE, Wavin, Collector nagar, Thirumangalam, Anna nagar Rountana, Amijikarai, Taylors road, Sterling road, Gemini, Stella Maris College, Mylapore, Mandaveli, AMS, Adyar, Adyar Depot",,,x
42,Broadway,Periyar Nagar,"Central R.S, Periamet, Natarajatheatre, Pulianthope, Pattalam, Kannigapuram, Perambur B.S, Venus, Peravallur",x,,
42A,Broadway,G.K.M colony,"Central R.S, Periamet, Nataraja theatre, Pulianthope, Pattalam, Kannigapuram, Perambur B.S, Venus, Peravallur",,,
44,Broadway,Manali,V.Nagar,,,
44A,Broadway,I.O.C (Indian Oil Corporation),Tondiarpet,,,
44B,Manali New Town,Triplicane,,,,
44C,Broadway,I.O.C,Korukkupet,,,
44D,Broadway,I.O.C,Sathiyamoorthy Nagar,,,
44L,Broadway,Parvathi Nagar (Kodungaiyur),,,,
45A,Velachery,V.House,"Saidapet, Nandanam, Adyar Gate",,,
45B,Anna Square,Guindy,"Saidapet, Nandanam, Teynampet, Alwarpet, Luz, Chennai Citi Centre",x,,
45G,Anna square,Guindy,"Marina Beach, Chennai Citi Centre, Mylapore, Mandaveli, Adyar Gate, Nandanam, CIT Nagar, Srinivasa, Mettupalayam, Saidapet West",,,
46,CMBT,TVK Nagar,"Perambur, Ayanavaram, ICF, Anna Nagar East, Arumbakkam",x,x,
46B,CMBT,Periyar Nagar,"Perambur, Ayanavaram, ICF, Anna Nagar East, Arumbakkam",x,x,
46C,CMBT,Parvathy Nagar (Kodungaiyur),"Moolakadai, Perambur, Ayanavaram, ICF, Anna Nagar East, Arumbakkam",x,x,
46G,CMBT,MKB Nagar East,"Vyasarpadi, Ayanavaram, ICF, Anna Nagar East, Arumbakkam",x,x,
47,Thiruvanmiyur/Adyar,Villivakkam,"T.Nagar, Valluvar Kottam, Pushpa nagar,Loyola college, Anna Nagar East",x,,
47A,Thiruvanmiyur /Besant Nagar,ICF (Integral Coach Factory),"Adyar, T.Nagar, Sterling Road, Taylors Road, New Avadi Road",x,,
47B,Besant Nagar,Villivakkam,"Avvai Home, Adyar B.S, T.Nagar, Anna Nagar East",,,
47C,Kotturpuram,Ambattur I.E,"Saidpet, T. Nagar, Mahalingapuram, Choolaimedu, Roundtana, Thirumangalam, Wavin",,,x
47D,Thiruvanmiyur,Avadi,"Adyar, T. Nagar, Sterling Road, Ambattur I.E",x,,
47D,Thiruvanmiyur,Ambathur O.T.,"Adyar, T. Nagar, Sterling Road, Ambattur I.E",,,x
47D cut,T.Nagar,Korattur,"Adyar, T. Nagar, Sterling Road, Lucas",,,x
48,Villivakkam,Vallalar Nagar,"ICF, Railway Quarters, Joint Office, Sayani, Otterri, Basin Bridge",x,,
48A,Madhavaram,Ambattur I.E,"Moolakadai, Perambur, Ayanavaram, ICF, Villivakkam, Padi",,,
48B,Thiru.Vi.Ka Nagar,Ennore,"Venus, Perambur, Moolakadai, Madhavaram, Mathur Koot road, Manali Koot road, Sathyamoorthy nagar, Ernavoor, Ashok Leyeland",,,
48C,CMBT,Vallalar Nagar,"Thirumangalam, Anna Nagar West, Nadhamuni, ICF, Railway Quarters, Joint Office, Sayani, Otterri, Basin Bridge",x,,
49,Thiruvanmiyur,Iyyapanthangal,"Guindy, Porur",x,,
49A,T.Nagar,Poonamallee,"Kumananchavadi, Porur, K.K. Nagar, Ashok Pillar",x,,
49B,T. Nagar,Poonamallee,"Kumananchavadi, Mangadu, Porur, K.K. Nagar, Ashok Pillar",,,x
49R,T. Nagar,Thiruverkadu,"Saidapet, Guindy, Ramapuram, Valasarawakkam, Maduravoyal,Velappan chavadi",,,
49xt,Thiruvanmiyur,Thiruverkadu,"Iyyapanthangal, Kumananchavadi, Velappanchavadi",,,
50,Broadway,Thiruverkadu,"Central, Dasaprakash, KMC, Amijikarai, Arumbakkam, Koyambedu, Nerkundram, Maduravoyal, Vanagaram, Velappan chavadi",,,
500,Chengalpattu,T. Nagar,"Singaperumal Koil, Maraimalai nagar IE, Guduvancherry, Vandalur Zoo, Tambaram, Pallavaram, Guindy, Saidapet",,,
500A,Chengalpattu,Hasthinapuram,"Singaperumal Koil, Maraimalai nagar IE, Guduvancherry, Vandalur Zoo, Tambaram, Tambaram Sanatorium, Nehru nagar(Chrompet), Kumaran Kundram",,,x
500B,High Court,S.P.KOIL,"Maraimalai nagar IE, Guduvancherry, Vandalur Zoo, Tambaram, Pallavaram, Guindy, Saidapet, DMS, Central R.S",,,
500C,Chengalpattu,CMBT,"Singaperumal Koil, Maraimalai nagar IE, Guduvancherry, Vandalur Zoo, Tambaram, Pallavaram, Guindy, Saidapet",,,
500J,Chengalpattu,Velachery,"Pallikkaranai, Medavakkam, Kamarajapuram, Camp Road, Tambaram East, Tambaram West, Vandalur Zoo",,,
500V,Chengalpattu,Velachery,"Guindy, Pallvaram, Tambaram West, Vandalur Zoo",,,
501,Vadapalani,Poondi,"Virugamabakkam, Valasarawakkam,Porur, Iyyapanthangal, Kumananchavadi, Poonamallee, Thirumazhisai, Nemam, Manavalan Nagar, Thiruvallur",,,
502,Broadway,Sriperumbudur,"Central R.S, LIC, Saidapet, Guindy, Porur, Kumananchavadi, Poonamallee, Irrungattukottai",,,
505,Thiruvallur,Red Hills,"Alamadhi, Tamaraipakkam, Vishnuvakkam, Moolakarai, Ekkadu Kandigai",,,
505A,Thiruvallur,Periyapalayam,"Vadamadurai, Vengal, Tamaraipakkam, Vishnuvakkam, Moolakarai, Ekkadu Kandigai",,,x
505P,Red Hills,Periyapalayam,"Alamadhi, Tamaraipakkam, Vengal, Vadamadurai",,,x
510,Padappai,CMBT,"Karasangal, Mudichur, Tambaram, Pallavaram, Ashok Pillar",,,x
514,Periyapalayam,CMBT,"Lucas, Puzhal, Red Hills, Karanodai,Janappan chathram x road, Bandikavanoor,Kannigaipair",,,
515,Tambaram,Mamallapuram,"Vandalur Zoo, Kolapakkam, Vengambakkam, Kandigai, Melkottaiyur, Rathinamangalam, Kilkottaiyur, Mambakkam, Pudhupakkam, Kelambakkam, Kalavakkam, Thirupporur, Thandalam, Paiyanoor",x,,
515V,Vandalur,Kelambakkam,Mambakkam,,,
517,Pallavaram,Vadanemili,"Chrompet, Tambaram Sanatorium, Tambaram, Vandalur, Kandigai, Mambakkam, Pudhupakkam, Chettinad Hospital, Kelambakkam, Kovalam, Thiruvidanthai",,,
517K,Pallavaram,Kovalam,"Eachangadu, Kovilambakkam, Medavakkam Koot Road, Sholinganallur, Kelambakkam",,,x
517T,Pallavaram,Thirupporur,"Eachangadu, Kovilambakkam, Medavakkam Koot Road, Sholinganallur, Kelambakkam",,,x
519,T. Nagar,Thirupporur,"Saidapet, Tidel park,Sholinganallur, Kelambakkam",,,x
519 cut,Adyar,Thirupporur,"SRP tools, Sholinganallur, Kelambakkam, Kalavakkam",x,,
519A,T. Nagar,Aalathur IE,"Saidapet, Tidel park,Sholinganallur, Kelambakkam, Thirupporur",,,x
519A cut,Adyar,Aalathur IE,"SRP tools, Sholinganallur, Kelambakkam, Thirupporur",,,x
519T,Adyar,Thaiyur,"Perungudi,Sholinganallur,Kelambakkam",,,
51A,Tambaram East,Agaramthen,Camp Road,,,
51B,Saidapet,Karanai,"Checkpost, Velachery, Narayanapuram, Pallikaranai, Medavakkam, Sithalapakkam koot road, Sithalapakkam, Arasan kazhani, Ottiyambakkam",,,
51B xt,T.Nagar,Ottiyambakkam,"Saidapet, Checkpost, Velachery, Narayanapuram, Pallikaranai, Medavakkam, Sithalapakkam koot road, Sithalapakkam, Arasan kazhani",,,
51D,Tambaram East,Broadway,"Convent, Camp road, Rajakilpakkam, Kozhipannai, Madambakkam, jothi nagar, Noothencherry, Vengaivasal, Santhosapuram, Medavakkam Koot road, Medavakkam, Pallikaranai, Velacherry, Ssidapet, DMS, TVS, LIC, Central",,,
51E,Saidapet,Madipakkam BS,"Velachery, Ram nagar",,,
51F,Sunnabu kulathur,T. Nagar,Velachery,,,
51G,Tambaram,Vengaivasal,"Camp Road, Rajakilpakkam, Madambakkam",,,
51H,Tambaram East,Saidapet,"Velachery,Pallikkaranai, Medavakkam, Kamarajapuram, Camp Road",,,
51J,Broadway,Ponmar,"Central, LIC, DMS, SIET, Saidapet, CheckpostVelachery,Medavakkam,Sithalapakkam koot road,Kovilancherry,Madurapakkam",x,,
51K,Tambaram East,Navalur,"Camp Road, Zion School, Madambakkam,Sithalapakkam Koot road, Sithalapakkam, Ottiyambakkam, Karanai, Thalambur",,,
51L,Tambaram East,CMBT,"Vadapalani, Guindy, Velachery, Pallikkaranai, Medavakkam, Kamarajapuram, Camp Road",,,
51M,T. Nagar,Madipakkam BS,"Saidapet, Guindy, NGO Colony, ST Thomas Mount, Vanuvampet, Madipakkam Koot road",,,
51N,T.Nagar,Moovarasampet,"Saidapet, Guindy, NGO Colony, ST Thomas Mount, Vanuvampet, Madipakkam Koot road",,,
51P,High Court,Puzhudivakkam BS,Gunidy Race Course,,,
51R,Broadway,Madipakkam BS,"Puzhudivakkam, Guindy Race Course",,,
51S,Saidapet,Tambaram East,"St.Thomas Mount, Madippakkam, Keelkattalai, Medavakkam Koot Road, Kamarajapuram, Camp Road",,,
51T,Tambaram East,Ponmar,"Camp road, Balaji nagar, Thiruvancherry, Paduvancherry, Agaram then, Kovilancherry, Madurapakkam",,,
52,Pozhichalur,Broadway,"Pallavaram, Guindy, Saidapet, DMS, TVS, LIC, Central RS",,,
521,"Broadway, Chennai",Thirupporur,"Marina,Thiruvanmiyur,Perungudi,Sholinganallur,Kelambakkam",,,
522,Adyar,Manamathi,"Perungudi, Sholinganallur, Kelambakkam, Thirupporur",,,
523,Thiruvanmiyur,Perunthandalam,"Perungudi,Sholinganallur,Kelambakkam, Thirupporur",,,x
523A,Thiruvanmiyur,Karumbakkam,"Perungudi, Sholinganallur, Kelambakkam, Thirupporur",,,x
525,Vadapalani,Sunguvarchatiram,"Virugambakkam, Valasarawakkam, Porur, Poonamallee, Irrungattukottai, Sriperumbudur, Thirumangalam koot road,Mambakkam,Vadamangalam",x,,
527,Broadway,Thathamanji,"V.Nagar, Tondiarpet, Thiruvottriyur, Sathyamoorthy nagar, Minjur, Kadapakkam",,,x
52B,Hasthinapuram,Highcourt,"Chrompet,Pallavaram, Guindy, Saidapet, DMS, TVS, LIC, Central RS",x,,
52C,Hasthinapuram,T.Nagar,"Chrompet,Pallavaram, Guindy, Saidapet",x,,
52D,Chitlapakkam,Broadway,"Varadharaja Theater, Chrompet,Pallavaram, Guindy, Saidapet, DMS, TVS, LIC, Central RS",,,x
52E,High Court,Nemilicheri,"Chrompet, Pallavaram, Guindy, Saidapet, DMS, TVS, LIC, Central RS",x,,
52G,High Court,Cowl Bazaar,"Pallavaram, Guindy, Saidapet, DMS, TVS, LIC, Central RS",x,,
52H,Pozhichalur,Manimangalam,"Pallavaram,Chrompet,Tambaram, Mudichur, Mannivakkam, Karasangal",x,,
52K,High Court,Keelkattalai,"Nanganallur, Aasargana, Guindy,Anna Salai",x,,
52L,High Court,Nanganallur,"Aasargana, Guindy,Anna Salai",x,,
52P,High Court,Movarasampet,"Nanganallur, Guindy,Anna Salai",x,,
52S,Nemilicheri,Pozhichalur,"Chrompet, Pallavaram",,,
52T,Pallavaram,Thirumalai Nagar,"Chrompet, Hasthinapuram",,,
53,Broadway,Poonamallee,"Kumananchavadi, Mathruvayoil, Arumbakkam, Aminijikarai, KMC, Central R.S",x,,
532,Vallalar Nagar,Periyapalayam,"Basin Bridge, Vyasarpadi, Moolakadai, Puzhal, Red Hills, Karanodai, Arani",,,
533,Arani,CMBT,,,,
536,Pattabiram,Ponneri,"Avadi, Ambattur O.T., Pudhur, Puzhal, Red Hills",,,
538,Vadapalani,Kadambathur,"Virugamabakkam, Valasarawakkam,Porur, Iyyapanthangal, Kumananchavadi, Poonamallee, Thirumazhisai, Nemam, Manavalan Nagar, Thiruvallur, Thirupatchur",,,
53E,Broadway,Mangadu,"Kumananchavadi, Mathruvayoil, Arumbakkam, Aminijikarai, KMC, Central R.S",x,,
53K,CMBT,Meppur,"Mathruvayoil, Kumananchavadi, Poonamallee,",,,
53P,Pattur,Broadway,"Mangadu, Kumananchavadi, Mathruvayoil, Arumbakkam, Aminijikarai, KMC, Central R.S",x,,
53S,Pattabiram,CMBT,"Thiruverkadu, Sundaransozhapuram, Mettupalayam,Thandarai",,,x
54,Poonamallee,Broadway,"Kumananchavadi, Porur, Guindy, DMS, TVS, LIC, Central R.S",x,,
547,V Nagar,Periyapalayam,"Basin Bridge, Vyasarpadi, Moolakadai, Puzhal, Red Hills, Karanodai, Siruvapuri",,,
549,Thiruvanmiyur,Sunguvarchathiram,"Adyar, Guindy, Porur, Iyyapanthangal, Kumananchavadi, Poonamallee, Irungatukottai, Sriperumbudur",x,,
54A,Poonamallee,Thirunindravur,"Thirumazhisai, Vellavedu, Pudhuchatiram, Periyakottambedu, Kosavapalayam",x,,
54B,Porur,Saidapet,"Moulivakkam, Baikadai, Periyapannicherry, Kolapakkam, Manapakkam, Nandambakkam,Butt road, Kathipara, Guindy I.E, Little Mount",,,
54C,Poonamallee,Pattabiram,"Parivakkam, Chittukadu,Thandarai",x,,
54E,Saidapet,Meppur,"Guindy, Ramapuram, Porur, Kumanan chavadi, Poonamallee",,,
54F,Poonamallee,Mandaveli,"Kumananchavadi, Iyyapanthangal, Porur, Guindy, Adayar",x,,
54F xt,Mylapore,Agaram Mel,"Poonamallee, Kumananchavadi, Iyyapanthangal, Porur, Guindy, Adayar",,,
54G,Kuthambakkam,Broadway,"Vellavedu, Thirumazhisai, Poonamallee, Porur, Guindy, DMS, TVS, LIC, Central R.S",,,
54K,Broadway,Nemam,"Poonamallee, Kumananchavadi, SRMC, Porur, Guindy, Saidapet, DMS, TVS, LIC, Central R.S",,,
54L,High Court,Vellavedu,"Poonamallee, Kumananchavadi, SRMC, Porur, Guindy, Saidapet, DMS, TVS, LIC, Central R.S",,,
54M,High Court,Mangadu,"Paraniputhur, Baikadai, Moulivakkam, Porur, Guindy, Saidapet, DMS, TVS, LIC, Central R.S",,,
54P,Poonamallee,T.Nagar,"Kumanan chavadi, Mangadu, Paraniputhur, Baikadai, Moulivakkam, Porur, Guindy, Saidapet",,,
54S,Vadaku Malaiyambakkam,T.Nagar,"Poonamallee, Kumanan chavadi, Iyyppanthangal, Porur, Guindy, Saidapet",,,
54T,High Court,Chembarambakkam,"Poonamallee, Kumananchavadi, SRMC, Porur, Guindy, Saidapet, DMS, TVS, LIC, Central R.S",,,
54V,T.Nagar,Veppampattu,"Sri ram Engg college,Perumalpattu, Ramasamy nagar, Periyakottambedu, Pudhuchatiram, Vellavedu, Poonamallee, Kumananchavadi, SRMC, Porur, Guindy, Saidapet",,,
55,Tambaram,Mannivakkam/ Vandalur Gate,"Old Perugalathur, Mudichur",,,
551,Velachery,T. Acharavakkam,"Medavakkam,Sithalapakkam Koot road, Kovilancherry, Madurapakkam, Ponmar, Mambakkam, Kayar, Vembedu, Chembakkam Village",,,x
551A,East Tambaram,Kelambakkam,"CampRoad, Medavakkam, Ponmar, Mambakkam, Pudupakkam, Chettinad Hospital",,,
552,Velachery,Maraimalai Nagar,Guindy,,,
552K,Kilkattalai,Thirupporur,"Medavakkam, Sholinganallur, Kelambakkam",,,
553,Sriperumbudur,Broadway,"Central R.S, KMC, Kumananchavadi, Poonamallee, Irrungattukottai",,,
553A,Sriperumbudur,CMBT,"Mathruvayoil, Kumananchavadi, Poonamallee, Irrungattukottai",,,
553K,Sriperumbudur,Poonamallee,"Chembarambakkam, Thandalam Koot road, Irrungattukottai, Pennalur EB",,,x
554,Sunguvarchatiram,T. Nagar,"Saidapet, Guindy, Porur, Kumananchavadi, Poonamallee, Irrungattukottai,Sriperumbudur",x,,
554A,Sriperumbudur,Puzhuthivakkam,"Guindy, Porur, Kumananchavadi, Poonamallee, Irrungattukottai",,,x
554B,Ekkaduthangal,Sunguvarchatram,"Porur, Kumananchavadi, Poonamallee, Irrungattukottai, Sriperumbudur",,,x
555,Tambaram,Thirupporur,"Vandalur,Kandigai,Kelambakkam",,,
555G,Guduvanchery,Kelambakkam,"Urapakkam, Vandalur, Mambakkam",,,x
555M,Tambaram,Thirupporur,"Kolapakkam, Mambakkam, Kayar, Vembedu",,,x
555N,Tambaram,Thirupporur,Guduvanchery,,,x
555P,Padappai,Kelambakkam,"Karasangal, Vandalur, Mambakkam",,,x
556,Thiruvottiyur,Kattupalli,"ERNAVOOR GATE, SATHIYAMOORTHY NAGAR, ANDAKUPPAM, ATHIPATTU PUDHUNAGAR, ENNORETMALPOWSTN, L&T HARBOUR, KATTUPALLI VILLAGE",,,x
557,Broadway,Gummidipoondi,"Beach R.S, Mint, Vyasarpadi, Moolakadai, Red Hills, Thachur Koot Road, Puduvayal, Kavarapettai",,,
557A,V Nagar,Rettambedu,"Basin Bridge, Vyasarpadi, Moolakadai, Puzhal, Red Hills, Karanodai, Thachur Koot Road, Puduvayal, Kavarapettai",,,
557C,Red Hills,Kallur,"Karanodai, Thachur Koot Road, Puduvayal, Kavarapettai, Gummidipoondi R.S., Elavur, Kuppam, Chinna Mangodu",,,
557M,Red Hills,Madarpakkam,"Karanodai, Thachur Koot Road, Puduvayal, Kavarapettai, Gummidipoondi, Equavarpalayam, Pathirivedu",,,
558,V.Nagar,Ponneri,"Red Hills, Karanodai",,,
558A,RedHills,Minjur,Karanodai,,,
558B,Moolakadai,Pazhaverkadu,"Madhavaram, Redhills, Karanodai, Ponneri, Kanchivoyal, Thirupalaivanam, Perliyambakkam, Pulicut",,,
558L,CMBT,Minjur,"Redhills, Karanodai, Ponneri",,,
558M,Red Hills,Minjur N.T.,,,,
558P,V.Nagar,Perumbedukuppam,"Vysarpadi, Moolakadai, Madhavaram, Redhills, Karanodai, Ponneri, Chinnakuvanam, Perumbedu",,,
55A,Pallavaram,Pazhanthandalam,"Nagalkeni, Thiruneermalai, Thirumudivakkam",,,
55B,Guduvancherry,Pazhanthandalam,"Oorapakkam, Vandalur Zoo, Perugalathur, Tambaram,Kannadapalayam",,,
55C,Tambaram,Sonalur/Pudur,"Perugalathur, Vandalur Zoo, Kolapakkam, Rathnamangalam, Kandigai,Melkottaiyur",,,
55D,Tambaram,Keerapakkam,"Perugalathur, Sadhanapuram, Nedugudram, Kolapakkam, Rathnamangalam, Kandigai",,,
55G,Tambaram,Vengambakkam,"Perugalathur, Sadhanapuram, Nedugudram, Kolapakkam, Vengambakkam koot road",,,
55J,Tambaram,Poonamallee,"Kadapery, Thiruneermalai, Burma Colony, Vazhuthulapedu, Kundrathur Murugan koil, Kundrathur, Mangadu, Kumanan chavadi",,,
55K,Tambaram,Poonamallee,"Tambaram Sanatorium, Chrompet, Pallavaram, Pammal Kamarajapuram, Thiruneermalai, Kundrathur Murugan koil, Kundrathur, Mangadu, Kumanan chavadi",,,
56,Broadway,Kargil Nagar,"V.Nagar, Tondiarpet, Thiruvottriyur, Sathyamoorthy nagar",x,,
56 xt,Broadway,Ennore,"V.Nagar, Tondiarpet, Thiruvottriyur, Ernavoor, Ashok Leyland",x,x,
562,Ambattur Estate,Thandalam,"Periyapalayam, Red Hills, Puzhal, Pudur, Ambattur OT",,,x
562A,Red Hills,Sriperumbudur,"Puzhal, Pudur, Ambattur OT, Avadi, Karaiyanchavadi, Poonammallee, Irrunkatturkottai",,,
562B,Poonamallee,Ponneri,"Janappan chathram x Road, Karanodai, Red Hills, Puzhal, Ambattur OT, Avadi, Karaiyanchavadi",,,
563,Ambattur I.E,Periyapalayam,"Ambattur OT, Avadi, Pattabiram",,,
565,Pattabiram,Sriperumbudur,"Avadi, Govardhanagiri, Karaiyanchavadi, Poonamallee, Irrunkatturkottai",,,
565A,Avadi,Sunguvarchatiram,"Govardhanagiri, Karaiyanchavadi, Poonamallee, Irrunkatturkottai, Sriperumbudur",,,
566,Kundrathur,Thirupporur,"Anakaputhur, Pammal, Pallavaram, Chrompet, Tambaram Sanatorium, Tambaram, Vandalur, Kandigai, Mambakkam, Pudhupakkam, Chettinad Hospital, Kelambakkam",,,
566A,Tambaram,Thiruvallur,"Chrompet, Pallavaram, Pammal, Anakaputhur, Kundrathur, Mangadu, Kumanan chavadi, Poonamallee, Thirumazhisai, Vellavedu, Nemam, Pudhuchatiram, Mettukandigai, Arnavoyal kuppam, Arnavoyal, Murkancherry, Manavalan Nagar",x,,
566B,Pattur,Kovalam,"Kundrathur, Anakaputhur, Pammal, Pallavaram, Chrompet, Tambaram Sanatorium, Tambaram, Perugalathur, Vandalur, Kandigai, Mambakkam, Pudhupakkam, Chettinad Hospital, Kelambakkam",,,
568,Adyar,Mamallapuram,Rajiv Gandhi Salai,,,x
568B,Thirupporur,Velachery,"Sholinganallur, Kelambakkam",,,x
568C,CMBT,Mamallapuram,Rajiv Gandhi Salai,,,
568T,CMBT,Thalambur,"Guindy, SRP Tools, Sholinganallur, Navalur",,,
56A,V Nagar,Ennore,,x,,
56D,Broadway,Manali,"Beach R.S, Thambuchetty St., Kalmandappam, Kasimedu, Tondirapet, Tollgate, Rajakadai, Thiruvotriyur R.S, Mattumandai",x,,
56N,Broadway,Ennore,,x,,
56P,Broadway,MinjurNew Bus Stand,"V. NAGAR, TONDAIAYRPET, THIRUVETRIYUR B.S, SATHIYAMOORTHY NAGAR, NAPALAYAM, MINJUR B.D.O",x,,
56T,Tiruvottiyur,Madhavaram,MFL,,,
56W,V Nagar,Madhavaram,"Tondiarpet, Thiruvottriyur, MFL",x,,
57,V Nagar,Red Hills,"Basin Bridge, Vyasarpadi, Moolakadai, Puzhal",x,x,
570,CMBT,Kelambakkam,"Vadapalani, Ashok Nagar, Guindy, Check post, Velachery, SRP tools, Perungudi, Sholinganallur, Navalur, Padur",,,
570A,Ambattur Estate,Kelambakkam,"CMBT, Vadapalani, Ashok Nagar, Guindy, Check post, Velachery, SRP tools, Perungudi, Sholinganallur, Navalur, Padur",,,x
570S,CMBT,SiruseriSIPCOT,"Vadapalani, Ashok Nagar, Guindy, Check post, Velachery, SRP tools, Perungudi, Sholinganallur, Navalur",,,
571,Thiruvallur,Broadway,"Central R.S, Taylors Road, Nadhamuni, Padi, Ambattur IE, Avadi, Thirunindravur, Vepampattu, Sevapet, Kakallur",,,
572,Thiruvallur,Ambattur I.E,"Ambattur OT, Avadi, Pattabiram, Thirunindravur, Veppampattu, Sevapet, Kakallur",,,
572A,Thiruvallur,Avadi,"Pattabiram, Thirunindravur, Veppampattu, Sevapet, Kakallur",,,x
572K,Kilanur,Ambattur I.E,"Avadi, Pattabiram, Thirunindravur, Veppampattu, Sevapet",,,x
576,T. Nagar,Kanchipuram,"Saidepet, Guindy, Porur, Poonamallee, Irrungattukottai, Sriperumbudur, Sunguvarchathiram, Pillai chatiram, Kamakshi Temple",,,
577,Mandaveli,Chengalpattu,"Singaperumal Koil, Maraimalai nagar IE, Guduvancherry, Vandalur Zoo, Tambaram, Pallavaram, Guindy, Adyar, AMS",,,
578,Sriperumbudur,Kundrathur,"Mangadu, Kumananchavadi, Poonamallee, Chembarambakkam, Irrungattukottai",,,
578A,Sriperumbudur,Vadapalani,"Virugambakkam, Valasarawakkam, Porur, Kovoor, Kundrathur, Somangalam, Nallur, Sumtheramedu Koot road, Pillaipakkam, Pattunool Chatiram",,,
578P,Poonamallee,Elampakkam,"Chembarambakkam, Irunkattukottai, Pennalur EB, Sriperumbudur, Mambakkam, Vadamangalam, Thirumangalam, S.V.Chatiram, Maduramangalam Koot road, Pudhupattu",,,
579,Padappai,Broadway,"Karasangal, Mudichur, Tambaram, Pallavaram, Guindy, Saidapet, LIC",,,
579A,Tambaram,Wallajabad,"Mudichur, Karasangal, Padappai, Oragadam Koot Road",x,,
579V,Padappai,Velachery,"Mudichur, Tambaram, Chrompet, Eachangadu, Kilkattalai, Madipakkam, Ram Nagar",,,x
57F,High Court,Karanodai,"Beach R.S, Stanley, Mint, Basin Bridge, Vyasarpadi, Moolakadai, Puzhal, Red hills",x,x,
580,Avadi,Arani,"Pattabiram, Thiruninravur, Pakkam, Tamaraipakkam, Vadamadurai, Periyapalayam Koot road",x,,
580M,Avadi,Malanthur,"Pattabiram, Thiruninravur, Pakkam, Tamaraipakkam, Vengal, Vengal Koot road",,,x
580P,Poonamallee,Periyapalayam,"Thirumazhisai, Vellavedu, Pudhuchatiram, Periyakottambedu, Kosavapalayam, Thiruninravur, Pakkam, Tamaraipakkam, Vadamadurai",,,
582,T. Nagar,Vallakkottai,"Saidapet, Guindy, Porur, Poonamallee, Sriperumbudur, Bhondur, Pattunul Chatiram",,,
583,Sriperumbudur,Tambaram,"Mudichur, Padappai, Serapanacherri, Oragadam, Vallakottai, Pondur",x,,
583A,Sriperumbudur,Thiruvallur,"Manavalan Nagar, MELNALLATHUR, KIZH NALLATHUR, POLIVAKKAM, KATTU KOOT ROAD",x,,
583B,Tambaram,Perambakkam,"Old Perungalathur, Manimangalam, Sriperumbudur, Kattu Koot road, Meppedu, Koovam",,,x
583C,Tambaram,Sriperumbudur,"Mudichur, Mannivakkam, Karasangal, Manimangalam",,,
583D,Tambaram,Sriperumbudur,"Old Perungalathur, Manimangalam, Mullai Nagar",,,x
583E,Pallavaram,Vallakkottai,"Tambaram, Mudichur, Padappai, Serapanancherri, Oragadam, Maathur",,,
583P,Pondhur,Tambaram,"Serapanancherri, Padappai, Mannivakkam, Mudichur",,,x
587,Broadway,Thirupporur,"Marina,Thiruvamiyur,ECR,Kelambakkam",,,
588,Mamallapuram,Adyar,"Thiruvanmiyur, Injambakkam, Kovalam, Thiruvedanthai, Vadanemili",,,
588B,Mamallapuram,Broadway,"Marina Beach, Thiruvanmiyur, Injambakkam, Kovalam, Thiruvedanthai, Vadanemili",,,
588C,Mamallapuram,CMBT,"Vadapalani, Ashok Nagar, Guindy, Adyar, Thiruvanmiyur, Injambakkam, Kovalam, Thiruvedanthai, Vadanemili",,,
589,Mamallapuram,Velachery,"Thiruvanmiyur, Injambakkam, Kovalam, Thiruvedanthai, Vadanemili",,,x
58A,Broadway,Red Hills,"V.Nagar, Vyasarpadi, Moolakadai, Mathur",,,x
58G,Broadway,Gnayaru,"V.Nagar, Vyasarpadi, Moolakadai",,,x
58H,Broadway,New Erumai Vettipalayam,"Karanodai, RedHills, V.Nagar, Vyasarpadi, Moolakadai",,,
59,V Nagar,Thiruverkadu,"Basinbridge, Elephantgate, Doveton, Purasawakam, KMC, Aminjikarai, Arumbakkam, Maduravoyal, Velappanchavadi",x,,
591,Perambakkam,T.Nagar,"Guindy, Porur, Poonamallee, Thandalam, Mannur, Kattukoot rd, Mappedu, Koovam",,,x
591A,Perambakkam,CMBT,"Maduravoyal, Poonamallee, Thandalam, Mannur, Kattukoot rd, Mappedu",,,
591B,Perambakkam,Vadapalani,"Virugambakkam, Porur, Poonamallee, Thandalam, Mannur, Kattukoot rd, Mappedu",,,x
591C,Poonamallee,Narasinprm M Koil,"Chembarambakkam, Chetipedu, Thandalam, Mannur, Kattukoot rd, Mappedu, Perambakkam",,,x
592,V Nagar,Periyapalayam,"Basin Bridge, Vyasarpadi, Moolakadai, Puzhal, Red Hills, Karanodai,Janappan Chathram x road, Bandikavanoor,Kannigaipair",,,
592A,Red Hills,Uthukkottai,"Karanodai, Thatchur Koot road,Kannigaipair, Periyapalayam",,,
592G,V Nagar,Periyapalayam,"Basin Bridge, Vyasarpadi, Moolakadai, Puzhal, Red Hills, Karanodai,Pandy Kavanoor Rd JN, Kannigaipair",,,
592V,V Nagar,Vengal,"Basin Bridge, Vyasarpadi, Moolakadai, Puzhal, Red Hills, Karanodai, Poorivakkam",,,x
593,Broadway,Thandalam,"Beach R.S,Stanley, Mint,Basin Bridge, Vyasarpadi, Moolakadai, Puzhal, Red Hills, Karanodai, Periyapalayam",,,
595,Pazhaverkadu,Tollgate,"Thiruvottriyur, Sathyamoorthy nagar, Minjur, Kadapakkam, Thathanmanji, Perliyambakkam, Pulicut",,,x
595A,Pazhaverkadu,Thiruvottiyur,"Sathyamoorthy nagar, Minjur, Kadapakkam, Thathanmanji, Perliyambakkam, Pulicut",,,x
596,CMBT,Thiruvallur,"Koyambedu, Nerkundram, Madhuravoyal, Kumanan chavadi, Poonamallee, Thirumazhisai, Vellavedu, Nemam, Pudhuchatiram, Mettukandigai, Arnavoyal kuppam, Arnavoyal, Murkancherry, Manavalan Nagar",,,
596A,CMBT,Thiruvallur - Pandur,"Koyambedu, Nerkundram, Madhuravoyal, Kumanan chavadi, Poonamallee, Thirumazhisai, Vellavedu, Nemam, Pudhuchatiram, Mettukandigai, Arnavoyal kuppam, Arnavoyal, Murkancherry, Manavalan Nagar, Thiruvallur",,,
596P,CMBT,Thiruvallur,"Koyambedu, Nerkundram, Madhuravoyal, Kumanan chavadi, Poonamallee, Chembarabakkam, TSR Rajalakshmi nagar, Mannur, Puduvallur Jn., Sunnabukulam, Aranvoyal, Manavalan Nagar",,,x
597,Thiruvallur,T. Nagar/Mandaveli,"Guindy, Ramapuram, Porur, Iyypanthangal, Kumanan chavadi, Poonamallee, Thirumazhisai, Vellavedu, Nemam, Pudhuchatiram, Mettukandigai, Arnavoyal kuppam, Arnavoyal, Murkancherry, Manavalan Nagar",x,,
599,T. Nagar,Mamallapuram,"Saidapet, Adyar, Thiruvanmiyur, Injambakkam, Kovalam, Thiruvedanthai, Vadanemili",,,
5A,T. Nagar,Tambaram East,"Saidapet, Velachery, Medavakkam, Camp Road",x,x,
5B,T. Nagar,Mylapore,"Saidapet, Anna University, Adyar, Sathyastudio, Mandaveli",x,,
5C,Broadway,Taramani,"Madhya Kailash, Kotturpuram, Alwarpet, Royapettah, Chennai Central",,,
5E,Vadapalani,Besant Nagar,"Vadapalani temple, Nesapakkam, MGR nagar, KK Nagar, Ashok pillar, Jafferkhanpet, Mettupalayam, Srinivasa theater, CIT nagar, Saidapet, Anna university, Adyar, Adyar Depot, Vannanthurai, Velankkani church",x,x,
5G,T. Nagar,Kannagi Nagar,"Saidapet, Velachery, Taramani, RMZ, Perugudi",,,
5K,Mylapore,Taramani,,,,
5R,Saidapet,Velachery,"Guindy, N.G.O. Colony, St.Thomas Mount, Vanuvampet, Velachery MRTS",,,
5S,Thiruvanmiyur,T.Nagar,"Adyar, Kotturpuram",,,
5T,Vadapalani,Taramani,"Saidapet, T.Nagar, Ashok pillar, K.K.Nagar",,,
60,Anakaputhur,Broadway,"Pammal, Pallavaram, Guindy, Little Mount, Saidapet, Teynampet, DMS, TVS, Simpson, Central R.S",,,
60A,Kundrathur Murugan Temple,High Court,"Kundrathur, Andankuppam, Anakaputhur, Pammal, Pallavaram, Guindy, Little Mount, Saidapet, Teynampet, DMS, TVS, Simpson, Central R.S",,,
60C,Anakaputhur,Broadway,"Pammal, Pallavaram, Guindy, Little Mount, Saidapet, Teynampet, DMS, TVS, Simpson, Central R.S",,,x
60D,Broadway,"Kamarajpuram, Anakaputhur","Pallavaram, Guindy",,,x
60E,Broadway,Kundrathur,"Andankuppam, Anakaputtur, Pallavaram, Guindy, Anna University, Adyar, Sathyastudio, MRC Nagar, Pattinapakkam, AIR, Kannagi Statue, Annasquare",,,
60G,Broadway,Pozhichalur,"Pallavaram, Guindy, Anna University, Adyar, Sathyastudio, MRC Nagar, Pattinapakkam, AIR, Kannagi Statue, Annasquare",,,
60H,Broadway,"Shankar Nagar, Pammal","Pammal, Pallavaram, Guindy",,,x
61A,Ambattur I.E,Melapedu,"Dunlop, Amabttur OT, Thirumullaivoyil, Avadi, HVF Hospital",,,
61B,CMBT,Arakkambakkam,"Thirumangalam, Collector Nagar, Ambattur IE, Avadi, HVF Hospital, Kovilpadagai, Vellanur, Veerapuram",,,
61C,Avadi,Muthapudupet,"HVF Hospital, HVF Main Gate",x,x,
61D,Broadway,Kadavoor,"Central R.S, Purasaiwakkam, Ayanavaram, Nadhamuni, Padi, Amabattur IE, Avadi, HVF Hospital, Kovilpadagai, Veerapuram",,,
61D xt,Broadway,Kilkondaiyar,"Avadi, Kadavoor",x,,
61E,Broadway,Kilkondaiyar,"Ambattur IE, Avadi, HVF Hospital, Kovilpadagai, Vellanur, Veerapuram, Arakkambakkam",,,x
61K,Avadi,Kaniyamman Nagar,"HVF Hospital, Kovilpadagai, Veerapuram",,,
61R,Avadi,Red Hills,"HVF Hospital, Kovilpadagai, Vellanur, Veerapuram, Kadavoor",,,
62,Poonamallee,Red Hills,"Karayan chavadi, Seeneerkuppam, Goverdhangiri, Avadi Market, Avadi, Thirumullaivoyal, Ambathur OT, Pudur, Kallikuppam, Puzhal, Bypass road, Kavangarai, Ayurveda Ashramam",x,,
62,Avadi,Red Hills,"Thirumullaivoyal, Ambathur OT, Pudur, Kallikuppam, Surapedu, Puzhal, Bypass road, Kavangarai, Ayurveda Ashramam",,x,
62A,Red Hills,Ambattur I.E,Pudur,,,
62C,Red Hills,SRMC(Porur),"Iyyapanthangal, Kattupakkam, Kumanan chavadi, Saveetha Engineering College, Ayapakkam, Ambathur OT, Pudur, Kallikuppam, Puzhal, Bypass road, Kavangarai, Ayurveda Ashramam",,,x
62D,Koyambedu Market,Puzhal,,,,x
62E,Koyambedu Market,Madanakuppam,,,,x
62xt,Poonamallee,Padiyanallur,"Karayan chavadi, Seeneerkuppam, Goverdhangiri, Avadi Market, Avadi, Thirumullaivoyal, Ambathur OT, Pudur, Kallikuppam, Puzhal, Bypass road, Kavangarai, Ayurveda Ashramam, Red Hills",,,
64P,Minjur,Perambur,"Napalayam, Manali new town, MFL, CPCL, Manali, Madhavaram Milk colony, Moolakadai",x,,
65,Avadi,Poonamallee,"Govardhanagiri, Mettupalayam, Kaduveti, Karaiyanchavadi",,,x
65A,Saidapet,Muthapudupet,"Guindy, Porur, Kumananchavadi, Karaiyanchavadi, Avadi, HVF Hospital",,,x
65B,Ambattur I.E,Poonamallee,"Karayan chavadi, Seeneerkuppam, Goverdhangiri, Avadi Market, Avadi, Thirumullaivoyal, Ambathur OT, Canara bank, Dunlop, AMBIT Park",x,,
65C,Ambattur I.E,Pakkam,"Dunlop, Ambattur OT, Thirumulaivoyil, Avadi, Pattabiram, Jaya College, Thirunindravur",,,
65D,Avadi,Melkondaiyur,"Pattabiram, Thirunindravur",,,
65E,Ambattur I.E,Poonamallee,"Ambattur OT, Avadi, Kamaraj Nagar, Karaiyanchavadi",,,
65G,Avadi,Meyyur,"Pattabiram, Thirunindravur",,,
65H,Avadi,Red Hills,"Pattabiram, Thirunindravur",,,x
65K,Avadi,Poonamallee,"Govardhanagiri, Mettupalayam Rd JN, Parivakkam Rd JN, Kaduveti, Karaiyanchavadi",,,x
65P,Ambattur I.E,Pattabiram,"Ambattur OT, Avadi Market, Poonamallee, Thandurai",,,x
65R,Ambattur I.E,Iyyapanthangal,"Ambattur OT, Avadi Market, Karaiyanchavadi, Kumananchavadi",,,
65T,Poonamallee,Korattur,"Pattravakkam, Ambattur OT, Avadi Market, Karaiyanchavadi",,,x
65V,Poonamallee,Villivakkam,"Nadhamuni, Padi, Ambattur I.E, Ambattur OT, Avadi, Karaiyanchavadi",,,
66,Poonamallee,Tambaram,"MEPZ, Chrompet, Pallavaram, Pammal, Anakaputhur, Kundrathur, Mangadu, Karaiyanchavadi",x,,
66A,Hasthinapuram,Kundrathur,"Anakaputhur, Pammal, Pallavaram, Chromepet",,,x
66K,Kilkattalai,Poonamallee,"Inchangadu, Pallavaram, Pammal, Anakaputhur, Kundrathur, Mangadu, Kumananchavadi, Karaiyanchavadi",,,
66P,Pattabiram,Tambaram,"Pallavaram, Kundrathur, Poonamallee,Parivakkam, Chittukadu,Thandarai",,,x
66S,Poonamallee,Sholinganallur,"Pallavaram, Pammal, Anakaputhur, Kundrathur, Mangadu, Karaiyanchavadi",,,x
6A,Tollgate,Besant Nagar,"Adyar, Foreshore Estate, Triplicane, Parry's Corner, Maharani, Washermanpet,",,,
6D,Thiruvanmiyur,Tollgate,"Besant Nagar, Foreshore Estate, Parry's Corner",x,,
6E,Thiruvanmiyur,Tollgate,"Adyar, Foreshore Estate, Parry's Corner, Kasimedu",,,x
6F,AIR Nagar,Fore shore Estate,"Thiruvottriyur, Therady, Royapuram Parry's Corner, Anna square, QMC, Santhome",,,
70,Avadi,Tambaram,"Ambattur, Padi, Thirumangalam, CMBT, Vadapalani, Ashok Pillar, Chennai Airport, Pallavaram, Chromepet",x,x,
70A,Avadi,Vandalur Zoo,Tambaram,x,,
70B,Avadi,Chromepet Lakshmi,"Ambattur OT, Collector Nagar, CMBT, Vadapalani, Udhayam, Pallavaram",,,
70C,Koyambedu Market,Tambaram,"Vadapalani, Udhayam, Pallavaram, Tambaram",,,
70C xt,Koyambedu Market,Mambakkam,"CMBT, Vadapalani, Ashok nagar, Guindy, Pallavaram, Chrompet, Tambaram, Tambaram East, Camp road, Rajakilpakkam, Kozhipannai, Madambakkam, Jothi nagar, Sithalapakkam Housing board, Kovilancherry, Madurapakkam, Ponmar, Mambakkam Kulam",,,
70D,Ambattur I.E,MadipakkamB.S.,"Collector Nagar, CMBT, Vadapalani, Ashok Nagar, Guindy, Velachery, Ram nagar",,,
70E,CMBT,Veppampattu,"Collector Nagar, Ambattur OT, Avadi, Pattabiram, Thirunindravur",,,
70G,Ayanavaram,Tambaram,"Anna Nagar East, Thirumangalam, CMBT, Vadapalani, Ashok Pillar, Chennai Airport, Pallavaram, Chromepet",,,
70K,Kilkattalai,CMBT,"Velachery, Guindy, Ashok Pillar, Vadapalani",,,x
70L,Ambattur Karukku,CMBT,,,,
70P,Veppampattu,T. Nagar,"Thirunindravur, Avadi, Ambattur OT, Collector Nagar, CMBT, Liberty",,,x
70S,CMBT,Kannagi Nagar,"Velachery, SRP Tools",,,
70T,Villivakkam,Tambaram,"Nadhamuni, Thirumangalam, CMBT, Vadapalani, Guindy, Pallavaram",,,
70V,Koyambedu,Guduvanchery,"Vadapalani, Pallavaram, Tambaram",,,
70W,Mugappair West,Velachery,"Wavin, Collector Nagar, CMBT, Vadapalani, Ashok Pillar, Guindy",,,x
71,Broadway,Ambattur OT,"Central R.S, Taylors Road, New Avadi road, Nadhamuni, Padi, Ambattur IE",,,
71D,Broadway,Pudur,"Central R.S, Nadhamuni, Padi, Ambattur IE, Ambattur OT",,,
71E,Broadway / Ambattur I.E (NS),Thirunindravur,"Central R.S, New Avadi road, Nadhamuni, Ambattur I.E, Ambattur OT, Avadi",x,x,
71F,Broadway,Senthil Nagar,"Central R.S, Nadhamuni, Ambattur IE, Ambattur OT",,,
71H,Broadway,Avadi Kamaraj Nagar,"Central R.S, New Avadi road, Nadhamuni, Ambattur IE, Ambattur OT, Avadi",,,
71V,Broadway,Veppampattu,"Central R.S, Nadhamuni, Ambattur I.E, Ambattur OT, Avadi, Thirunindravur",,,
79K,Oragadam,Keelkattalai,"Padappai, Mudichur, West Tambaram, East Tambaram, Camp Road, Kamarajapuram, Medavakkam Koot Road, Kovilambakkam",,,x
7B,Broadway,Korattur,"Central R.S, Periamet, Vepery, Doveton, Pattalam, Otteri, Ayanavaram, Joint Office, ICF, Kalpana(Villivakkam), Nathamuni",x,,
7E,Broadway,Ambattur I.E,"Central R.S, Vepery, Purasaiwakkam, Kellys, Kilpauk Gardens, Chinthamani, Thirumangalam, Wavin",,,
7F,Broadway,Anna Nagar West,"Central R.S, Vepery, Purasaiwakkam, Kellys, Kilpauk Gardens, Chinthamani, Thirumangalam",x,,
7G,Broadway,Kaviarasu Kannadasan Nagar,"Moolakadai, Perambur market, Pattalam, Doveton, Periamedu, Central R.S",,,
7H,Broadway,Mogappair East,"Central R.S, Vepery, Purasaiwakkam, Kellys, Kilpauk Gardens, Chinthamani, Thirumangalam,",x,,
,,,,,,
,,,Collector nagar,,,
7H xt,Broadway,Ambattur I.E,"Central R.S, Vepery, Purasaiwakkam, Kellys, Kilpauk Gardens, Chinthamani, Thirumangalam, Wavin",,,
7K,T.Nagar,Taramani,"Saidapet, Anna university, CPT, WPT,Tidel park",,,
7M,Broadway,Mogappair West,"Central R.S, Vepery, Purasaiwakkam, Kellys, Kilpauk Gardens, Chinthamani, Thirumangalam, Vavin",x,,
7S,Thiruvanmiyur,Saidapet West,"SRP Tools, Velachery, Saidapet, CIT Nagar",,,
80,Padappai,Tambaram,Manimangalam,,,x
88A,High Court,Nandambakkam,"Sirukalathur, Kundrathur,Koovoor,Periyapannicherry,Baikadai,Porur, Valasarawakkam, Virugambakkam, Vadapalani, Liberty, Gemini, LIC, Central R.S",,,
88C,Kundrathur,High Court,"Koovoor, Periyapannicherry, Baikadai, Porur, Guindy, Saidapet, DMS, TVS, Central R.S",,,
88D,Kundrathur,Saidapet West,"Koovoor, Periyapannicherry, Baikadai, Porur, Guindy, Saidapet, Srinivasa Theater",,,
88E,Kundrathur,Ekkadttuthangal,"Koovoor, Periyapannicherry, Baikadai, Porur, Guindy",,,x
88K,Kundrathur,High Court,"Koovoor, Periyapannicherry, Baikadai, Porur, Guindy, Saidapet, DMS, TVS, Central R.S",x,,
88L,T.Nagar,Periyar Colony,"Gunidy, Porur, Kundrathur",,,
88M,High Court,Somangalam,"Gunidy, Porur, Kundrathur",,,
88R,High Court,Amarambedu,"Gunidy, Porur, Kundrathur, Somangalam",,,
8A,Tollgate,Periyar Nagar,"Tondiarpet, V.Nagar, Regal, Choolai P.O, Otteri,Jamalaya, Venus",,,x
8B,High Court,T.V.K Nagar,"Parrys, V.Nagar, Puliantope, Pattalam, Jamalaya, Venus",,,
9M,T.Nagar,A.G.S Office Colony,"Saidapet, Guindy, NGO Colony, Brindavan nagar, Kakkan Bridge",,,
A1,Thiruvanmiyur,Central R.S,"Adyar, Mylapore, Royapettah",x,,
A1 xt,Okkiam Thorapakkam,Central R.S,"SRP Tools, Thiruvanmiyur, Adyar, Mylapore, Royapettah",,,
A1 xt,Broadway,Kovalam,"Central, LIC, Royapettah, Luz, Mylapore, Mandaveli, AMS, Adyar, Thiruvanmiyur, Kottivakkam, Palavakkam, Neelangarai, Injambakkam, Uthandi, Kanathur, Muttukadu boat yard",,,
A11,Broadway,T.Nagar,Teynampet,,,
A147,Thiruvanmiyur,Avadi,"Adyar, T.Nagar, Pushpa Nagar, Ambattur I.E, Collector Nagar",,,
A18,Vandalur Zoo,High Court,"LIC, TVS, Saidapet, Guindy, Pallavaram, Chromepet, Tambaram",x,x,
A19,Shozhinganallur,Madhya Kailash,"Thoraippakkam, SRP, Tidel Park",,,
A21,Thiruvanmiyur,Vandalur Zoo,"SRP Tools,Thorapakkam,Redial Road,Kamatchi Hospital, Eechangadu,Pallavaram, Chromepet, Tambaram, Perugalathur",x,,
A47,Thiruvanmiyur,Avadi,"Adyar, T.Nagar, Pushpa Nagar, Ambattur I.E",,,
A5,T. Nagar,Balaji Nagar,"Saidapet, Velachery, Medavakkam, Kamarajapuram",x,x,
A51,Tambaram East,High Court,"Camp Road, Kamarajapuram, Medavakkam, Pallikkaranai, Velachery, Guindy Race Course, DMS, LIC, Central R.S",x,,
A51 cut,Tambaram East,Saidapet,"Camp Road, Kamarajapuram, Medavakkam, Pallikkaranai, Velachery, Guindy Race Course",,,
A57,High Court,Padiyanallur,"Beach R.S, Stanley, Mint, Basin Bridge, Vyasarpadi, Moolakadai, Puzhal, Red hills",,,
A70,Avadi,Pallavaram,"Ambattur, Padi, Thirumangalam, CMBT, Vadapalani, Ashok Pillar, Kathipara, Chennai Airport",,,
B18,Vandalur Zoo,Korukkupet,"Broadway, LIC, TVS, Saidapet, Guindy, Pallavaram, Tambaram",x,,
B19,Shozhinganallur,Kelambakkam,"Navallur, Siruseri",,,
B21xt,Korukkupet,Medavakkam Koot Road,"V.Nagar, Parrys, Secretrariat, Anna Square, AIR, Santhome, Foreshore Estate, MRC Nagar, Adyar, SRP Tools, Velacherry, Madipakkam Koot road, Kilkatalai, Kovilambakkam, Vellakal",,,
B29N,Velachery,Periyar nagar,"Saidapet, T. Nagar, DMS, Gemini, Sterling Road/College Road, KMC, Doveton, Perambur, Venus",,,
B51,Tambaram East,T. Nagar,"Camp Road, Santhosapuram, Medavakkam Koot Road, Kilkattalai, Madipakkam koot Road,Mount, Kathipara, Guindy",,,
B51 cut,Tambaram East,Saidapet,"Camp Road, Santhosapuram, Medavakkam Koot Road, Kilkattalai, Madipakkam koot Road,Mount, Kathipara, GuindyEstate",,,
B70,Guindy Estate,Pattabiram,"Avadi, Ambattur OT, Padi, CMBT, Vadapalani, Udhayam, CIPET",x,,
C18,Kilkattalai,T.Nagar,"Madipakkam Koot Road, Nanganallur, Guindy, Ekkaduthangal,Ashok pillar, West Mambalam",,,x
C2,Anna Square,Anna Square,"Ezhilagam, Triplicane, Chepauk, Wallaja Road, Pallavan Road, Central, Regal, Vallalar Nagar, Royapuram bridge, Beach Road, Parrys, Secretariat",,,
C2,Anna Square,Anna Square,"Secretariat, Parrys, Beach Road, Stanley Hospital, Vallalar Nagar, Regal, Central, Pallavan Road, Wallajah road, Chepauk, Triplicane, Ezhilagam",,,
C21,Broadway,Ottiyambakkam,"Secretrariat, Anna Square, AIR, Santhome, Foreshore Estate, MRC Nagar, Adyar, SRP Tools, Perungudi, Sholinganallur, Perumbakkam, Nukkanpalayam, Arasan Kazhani",,,
C27,T. Nagar,CMBT,"Panagal park, Ashok pillar, K.K.Nagar BS, MGR nagar, Nesapakkam, West K.K.nagar, Avichi School, Virugambakkam, Chinmaya nagar, Koyambedu Market",,,x
C51,Tambaram West,Adyar,"Camp Road, Kamarajapuram, Medavakkam, Sholinganallur, ECR, Injambakkam, Thiruvanmyur",x,,
C51 cut,Tambaram West,Injambakkam,"Camp Road, Kamarajapuram, Medavakkam, Sholinganallur, ECR",,,
C70,Guindy Estate,Red Hills,"Ashok nagar, Vadapalani, CMBT, Thirumangalam, Anna nagar west, Padi, Thathankuppam, Kolathur, Retteri, Puzhal, Kavangarai, Ayurveda Ashramam",x,,
C70xt,Guindy Estate,Padiyanallur,"Ashok nagar, Vadapalani, CMBT, Thirumangalam, Anna nagar west, Padi, Thathankuppam, Kolathur, Retteri, Puzhal, Kavangarai, Ayurveda Ashramam, Red Hills",,,
D41,Ambattur O.T.,Thiruvanmiyur,"Korattur, Lucas,Thirumangalam, Amijikarai, KMC, Chetpet,Sterling road, Gemini,Teynampet,Nandanam, Adyar Gate, Mandaveli, AMS, Adyar, Adyar Depot",,,
D51,High Court,Medavakkam koot road,"Medavakkam, Pallikkaranai, Velachery, Guindy Race Course, DMS, LIC, Central R.S",,,
D51 xt,High Court,SithalapakkamTNHB Colony,"Sithalapakkam Koot road, Medavakkam, Pallikkaranai, Velachery, Guindy Race Course, DMS, LIC, Central R.S",,,
D70,Ambattur I.E,Velachery,"Collector Nagar, CMBT, Vadapalani, Ashok nagar, Guindy, Checkpost, Velachery Bypass road",x,x,
D70 xt,Pattabiram,Velachery,"Avadi, Ambattur O.T, Ambattur I.E",,,
D70 xt,Ambattur I.E,Medavakkam,"Collector Nagar, Vadapalani, Ashok nagar, Guindy, Checkpost, Velacherry, Pallikaranai",,,x
E18,Guduvanchery,High Court,"LIC, TVS, Saidapet, Guindy, Pallavaram, Tambaram, Vandalur Zoo",x,,
E18 xt,Maraimalai nagar,High Court,"LIC, TVS, Saidapet, Guindy, Pallavaram, Tambaram, Vandalur Zoo, Guduvanchery",,,x
E51,High Court,Ottiambakkam,"Arasan kazhani, Sithalapakkam, Sithalapakkam Koot road, Medavakkam, Pallikkaranai, Velachery, Guindy Race Course, DMS, LIC, Central R.S",,,
F54,Poonamallee,Mandaveli,"Kumananchavadi, Iyyapanthangal, Porur, Guindy, Kotturpuram, Adyar Gate",,,
F70,Pattabiram,Guindy TVK Estate,"Avadi, Ambattur I.E, Lucas, Anna Nagar West, Koyambedu market, CMBT, Vadapalani, West Saidapet",,,
G118,T.Nagar,Kavanoor Koot Road,"Guindy, Pallavaram, Tambaram, Vandaloor Zoo, Guduvanchery",,,
G17,Broadway,Mogalivakkam,"Kedar Hospital,Porur, Valsarawakkam, Alwarthirunagar, Virugambakkam, Vadapalani, Gemini, Thousand lights, Central",,,
G18,Guduvanchery,T.Nagar,"Saidapet, Guindy, Pallavaram, Chromepet, Tambaram, Vandalur Zoo",x,x,
G18 xt,Maraimalai nagar,T.Nagar,"Saidapet, Guindy, Pallavaram, Chromepet, Tambaram, Vandalur Zoo, Guduvanchery",,,x
G21,Broadway,Chrompet,"Secretariat, Kannaki Statue, QMC, Kalyani Hospital, Sanskrit College, Luz, Mylapore, Mandaveli BS, Adyar Gate, Kotturpuram, Anna university, Guindy, Pallavaram",,,
G54,T.Nagar,Vellavedu,"Poonamallee, Kumananchavadi, SRMC, Porur, Guindy, Saidapet",,,
G70,Vadapalani,Guduvanchery,"Udhayam Theater, Pallavaram, Tambaram, Vandalur Zoo",,,
H21,Broadway,Chemmenchery,"Secretrariat, Anna Square, AIR, Santhome, Foreshore Estate, MRC Nagar, Adyar, SRP Tools, Perungudi, Sholinganallur",x,,
H27,Anna Square,Ambattur,"Triplicane, LIC, DPI, Sterling Road, Loyola College, Choolaimedu, Roundtana, Thirumangalam, Vavin, Ambattur I.E",,,
H51,Tambaram East,Broadway,"Secretariat, Kannaki Statue, QMC, Kalyani Hospital, Sanskrit College, Luz, Mylapore, Mandaveli BS, AMS, Adyar, Adyar Depot, SRP tools, Taramani, Velachery, Pallikaranai, Medavakkam, Santhosapuram, Kamarajapuram, Camp road, Convent",,,
H70,Menambedu,CMBT,Ambattur OT,,,
J70,Mogappair West,Guindy I.E,"Collector Nagar, CMBT, Vadapalani, Udhayam Theater",,,
K18,Broadway,Saidapet West,"Central R.S, Simpson, LIC, TVS, DMS, Teynampet, Nandanam, Saidapet, Guindy, Ekkaduthangal, Ashok nagar, Mettupalayam",,x,
K18 cut,Broadway,Ekkaduthangal,"Central R.S, Simpson, LIC, TVS, DMS, Teynampet, Nandanam, Saidapet, Guindy,CIPET",,x,
L21,Broadway,Velachery,"Marina Beach, Foreshore Estate, MRC Nagar, Adyar, SRP Tools",,,x
L51,CMBT,Ottiambakkam,"Arasan Kazhani, Sithalapakkam, Medavakkam, Pallikaranai, Velacherry, Checkpost, Guindy, Ashok pillar, Vadapalani, MMDA Colony",,,
L70,Menambedu,Tambaram,"Korattur, CMBT, Vadapalani, Udhayam Theater",,,
M1,Thiruvanmiyur,Kilkattalai,Velachery,,,
M11,Saidapet,Tambaram East,"Guindy, St.Thomas Mount, Kilkattalai, Kovilambakkam, Medavakkam Koot Road, Santhosapuram, Camp Road",,,
M116,Broadway,Kaviarasu Kannadhasan Nagar,"SIDCO, MKB Nagar, Sathyamoorthy Nagar, Basin Bridge, Mint, Stanley, Beach R.S",x,,
M116A,Broadway,Muthamil Nagar (Kodungaiyur),"SIDCO, MKB Nagar, Sathyamoorthy Nagar, Basin Bridge, Mint, Stanley, Beach R.S",x,,
M116L,Broadway,Parvathi Nagar (Kodungaiyur),"Muthamil Nagar, SIDCO, MKB Nagar, Sathyamoorthy Nagar, Basin Bridge, Mint, Stanley, Beach R.S",,,
M119,Semmencheri,Guindy,"Velachery,SRP,Perungudi",,,
M119A,Semmencheri,T.Nagar,"Saidapet, Velachery, SRP, Perungudi",,,
M119B,Semmencheri,Guindy,"Saidapet,GandhiMandapam, Adyar,Thiruvanmiyur",,,x
M11A,Vallalar Nagar,Rengarajapuram,"Pangal Park, Annasalai, Central R.S, Parry's Corner",,,
M12,High Court,Kilkattalai,"Gopalapuram, Teynampet, Velachery",,,
M12A,T. Nagar,Foreshore Estate,"Pondy bazaar,Alwarpet, Luz, Santhome",,,
M14,N.G.O Colony B.S,Medavakkam Junction,"Adambakkam, Vanuvampet, Ullagaram, Puzhithivakkam, Madipakkam Koot rd, Ganesh Nagar, Kilkattalai, Kovilambakkam, Vadakkupet, Vellaikal, Bell Nagar, Medavakkam",x,,
M14 xt,Saidapet,Madambakkam Sivan Koil,"NGO Colony, Vanuvampettai, Madipakkam, Kilkattalai, Medavakkam Koot Road, Santhoshapuram, Vengaivasal",,,x
M14A,Velachery,Medavakkam Koot Road,"Vanuvampettai, Madipakkam, Kilkattalai",,,x
M15,Mylapore,Medavakkam,"Adyar, Thiruvanmiyur, SRP Tools, Velachery, Pallikaranai",,,
M15 xt,Mylapore,Tambaram East,"Adyar, Thiruvanmiyur, SRP Tools, Velachery, Pallikaranai, Medavakkam, Camp Road",,,
M151K,Tambaram East,Kannagi Nagar,"CampRoad, Medavakkam, Shozhinganallur, Okkiam",,,
M153,Pattabiram,CMBT,"Thandarai,Chittukadu,Thirumazhisai, Poonamallee,Kumananchavadi, Maduravoyal",,,x
M157,Red Hills,Thiruvottiyur,"Puzhal, Moolakadai,Sharma Nagar, M.K.B Nagar, Korukkupettai, Tondaripet, Tollgate, Theradi",,,
M170,Thiruverkadu,Velachery,"Velappan chavadi, Vanagaram, Maduravoyal, Nerkundram, Koyambedu Market, CMBT, Vadapalani, Ashok Pillar, Guindy, Checkpost",,,
M18,Guduvanchery,Tambaram,Vandalur Zoo/Arignar Anna Zoological Park,x,x,
M18C,Kilkattalai,T.Nagar,"Madipakkam Koot Road, Nanganallur, Guindy, Saidapet",x,x,
M18G,Guduvanchery,Hasthinapuram,"Chromepet, Tambaram, Vandalur Zoo",x,x,
M18N,Guduvanchery,Nanganallur,"Pazhavanthangal, Pallavaram, Chromepet, Tambaram, Vandalur Zoo, Oorapakkam",x,,
M19A,T. Nagar,Kelambakkam,"Saidapet, Adyar, Thiruvanmiyur, Perungudi",,,
M19B,T. Nagar,Kannagi Nagar,"Saidapet, Adyar, Thiruvanmiyur, Jain College, Perungudi",,,
M1A,Thiruvanmiyur,Nanganallur,"Thiruvanmiyur, Madipakkam",,,
M1P,Thiruvanmiyur,Pozhichalur,"Velachery, Kilkattalai, Pallavaram, Pammal",,,x
M2,Saidapet,Ottiambakkam,"Velachery, Medavakkam",,,x
M21,Velachery,Tambaram West,"Narayanapuram, Pallikaranai, Medavakkam, Camp Road, Tambaram East",x,,
M21A,Velachery,Tambaram West,"Pallikaranai, Medavakkam, Santhosapuram, Sembakkam, Thirumalai Nagar, Hasthinapuram, Chitlapakkam, MEPZ",,,
M21B,Velachery,Chromepet,"Narayanapuram, Pallikaranai, Medavakkam, Santhosapuram, Sembakkam, Thirumalai Nagar, Hasthinapuram",,,
M21C,Kannagi Nagar,Central R.S,"Thoraipakkam, Perungudi, Thiruvanmiyur, Adayar, Mandaveli",,,
M21F,Kannagi Nagar,Egmore,"Mettukuppam, Perugudi, Kandan chavadi, SRP Tools, Thiruvanmiyur, Adyar, AMS, Mandaveli, Mylapore, Ajantha, Royapettah, Wesley School, LIC, Pudhupet, Maternity Hospital",,,
M21G,Broadway,Guindy,"Secretariat, Kannaki Statue, QMC, Kalyani Hospital, Sanskrit College, Luz, Mylapore, Mandaveli BS, Adyar Gate, Kotturpuram, Anna university,",x,,
M21G xt,Broadway,Nanganallur,"Secretariat, Kannaki Statue, QMC, Kalyani Hospital, Luz, Mylapore, Mandaveli BS, Adyar Gate, Kotturpuram, Anna university, Guindy, Pazhavanthangal Station, Chidambaram Stores",,,
M21G xt,Broadway,Ekkaduthangal,"Secretariat, Kannaki Statue, QMC, Kalyani Hospital, Sanskrit College, Luz, Mylapore, Mandaveli BS, Adyar Gate, Kotturpuram, Anna university, Guindy",,,x
M21T,Kannagi Nagar,Broadway,"Santhome, Adyar, Perungudi",,,
M27,T. Nagar,CMBT,"Panagal park, Bharathinagar, Liberty, Power house, Vadapalani, Virugambakkam, Chinmaya nagar, Koyambedu Market",,,
M270,Ambattur I.E,Puzhuthivakkam,"Aadambakkam, Guindy, Udhayam, CMBT, Thirumangalam",,,
M33A,Broadway,Moolakadai,,,,
M33xt,Broadway,Kaviarasu Kannadasan Nagar,"M.K.B Nagar, Vyasarpadi, Basin Bridge, Mint, Mannadi",x,,
M42B,Broadway,Poombuhar,"Central R.S, Periamet, Choolaipostoffice, Doveton, Bhuvaneswari, Pattalam, Otteri, Perambur, Venus, Peravallur,Nehrusilai",,,
M42C,Broadway,Teacherscolony,"Central, Periamet, Natarajatheatre, Pulianthope, Pattalam, Kannigapuram, Perambur B.S, Venus, Peravallur, Kolathur, Vinayagapuram",,,
M42D,Broadway,Srinivasanagar,,x,,
M45,T. Nagar,Kilkattalai,"Saidapet, Velachery",x,,
M45A,Velachery,Anna Square,"Saidapet, Nandanam, Adyar Gate",,,
M45B,Anna Square,Nanganallur,"Saidapet, Nandanam, Teynampet, Alwarpet, Luz, Chennai Citi Centre",x,,
M45E,Anna Square,Kilkattalai,"Triplicane, Chennai Citi Centre, Luz, Saidapet, Velachery",,,
M5,Adyar,Kelambakkam,"Thiruvanmiyur, Perungudi, Sholinganallur",x,,
M500,Chengalpattu,Tambaram,"Singaperumal Koil, Maraimalai nagar IE, Guduvancherry, Vandalur Zoo, Perugalathur",x,,
M51,T. Nagar,Sholinganallur,"Velachery, Medavakkam",,,
M51C,T. Nagar,Ottiambakkam,"Velachery, MEDAVAKKAM, Perumbakkam",,,
M51D,Saidapet,Kelambakkam,"Velachery, Medavakkam, Ottiyambakkam, Karanai, Thalambur, Pudhupakkam, Chettinad Hospital",,,x
M51V,T.Nagar,Kolathur,"Velachery,Medavakkam,Sithalapakkam koot road,Kovilancherry,Madurapakkam,Ponmar,Mambakkam Rice mill, Mambakkam",x,,
M52,Pozhichalur,Guduvanchery,"Pallavaram,Chrompet,Tambaram, Perungalathur, Vandalor Zoo",x,,
M54,T.Nagar,Poonamallee,"Saidepet, Guindy, Porur, Iyyapanthangal, Kumananchavadi",x,x,
M64B,Broadway,Minjur,"Napalayam, Manali New Town, MFL, CPCL, Manali, Madhavaram Milk colony, Moolakadai, Perambur market, Pulianthope, Doveton, Central R.S",x,,
M64C,Broadway,Manali,"Madhavaram Milk colony, Thapal petti, Moolakadai, Vyasarpadi, Pulianthope, Doveton, Central R.S",x,,
M64D,Broadway,Kosappur,"Madhavaram Milk colony, Thapal petti, Moolakadai, Vyasarpadi, Pulianthope, Doveton, Central R.S",x,,
M7,T.Nagar,Thiruvanmiyur,"Saidapet, Velachery, SRP Tools",x,,
M70,CMBT,Thiruvanmiyur,"Vadapalani, Ashok nagar, Guindy, Checkpost, Velacherry, Taramani, SRP tools, Jayanthi",x,x,
M70 xt,Anna Nagar West,Thiruvanmiyur,"Thirumangalam, CMBT, Vadapalani, Ashok nagar, Guindy, Checkpost, Velacherry, Taramani, SRP tools, Jayanthi",,x,
M70A,CMBT,Avadi,"Ambattur O.T, Collector Nagar",x,x,
M70D,Elango Nagar (Collector Nagar),Guindy,"Thirumangalam, CMBT, Vadapalani, Ashok Pillar",,,
M70V,Ambattur I.E,Guindy TVK Estate,"Collector Nagar, Vadapalani",,,
M79,Padappai,T.Nagar,"Samthuvapuram, Karasangal, Mannivakkam, Mudichur, Old Perugalathur, Tambaram, Chrompet, Pallavaram, Meenambakkam, Asharkana, Guindy, Little mount, Saidapet",,,
M7A,T.Nagar,Thiruvanmiyur,"Saidapet, Guindy, Velachery, IRT, SRP Tools",x,,
M88,Kundrathur,Vadapalani,Porur,,,
M89,Porur,Somangalam,Kundrathur,,,
M89T,Iyyapanthangal,Amarambedu,"Porur, Kundrathur",,,x
PP19,Broadway,Injambakkam,"Marina Beach, Thiruvanmiyur",,,
PP19xt,Broadway,Kovalam,"Marina Beach, Thiruvanmiyur, Injambakkam",,,
PP21,Broadway,Guduvanchery,"Secretariat, Chepauk, Q.M.C, Fore Shore Estate, Adyar Bus Stand, Guindy,Pallavaram, Chromepet, Tambaram, Vandalur Zoo",,,
PP49,CMBT,Kovalam,"MMDA Colony, Vadapalani, Liberty, T.Nagar, Saidapet, Adyar, Thiruvanmiyur, Kottivakkam, Palavakkam, Injambakkam, Kanathur, Muttukadu",,,
PP51,High Court,Tambaram East,"Selaiyur, Camp Road, Medavakkam, Pallikaranai, Velachery, Anna University, Adyar, Sathyastudio, MRC Nagar, Foreshore Estate, Santhome, AIR, Anna Square",,,
PP51 cut,High Court,Padhuvancherry,"Camp Road, Medavakkam, Pallikaranai, Velachery, Anna University, Adyar, Sathyastudio, MRC Nagar, Foreshore Estate, Santhome, AIR, Anna Square",,,
PP66,Poonamallee,Vandalur Zoo,"Tambaram, Chrompet, Pallavaram, Pammal, Anakaputhur, Kundrathur, Mangadu, Karaiyanchavadi",x,x,
R21,Broadway,Pallavaram,"Eachangadu, Kilkattalai, Velachery, SRP, Adayar, Foreshore Estate, Anna Square",,,
S21,Broadway,Mettukuppam,"Mandaveli, Adyar",,,
T1,Thiruvanmiyur,Royapuram M.C,"Adyar, Mylapore, Royapettah, Parry's Corner",,,
T151,Tambaram East,Kovalam,"CampRoad, Medavakkam,Shozhinganallur, Navalur, Kelambakkam",,,x
T151K,Tambaram West,Kovalam,"CampRoad, Medavakkam, Shozhinganallur,Panaiyur, Uthandi, Kanathur, Muttukadu",,,
T21,Broadway,Kannagi Nagar,"Thoraipakkam, Adyar, Marina",,,
T242,Padiyanallur,Thiruvanmiyur,"Puzhal, Retteri, Kolathur, Perambur, Doveton, Vepery, Central R.S, Broadway, Marina, Santhome, Adyar",,,
T29,Thiru vi ka nagar,Thiruvanmiyur,"Venus, Perambur, Jamaliya, Egmore, L.I.C, Mylapore, Adyar",,,
T47,Tidel Park,Villivakkam,"Madiakailash, Saidapet, T. Nagar, Anna Hospital, ICF",,,
T51,Tambaram East,Thiruvanmiyur,"Camp Road, Medavakkam, Sholinganallur, Karappakkam, SRP, Tidel Park",x,x,
T51 cut,Tambaram East,Kannaki Nagar,"Camp Road, Medavakkam, Sholinganallur",,,
T51S,Guduvanchery,Okkiam Thoraippakkam,"Vandalur, Tambaram East, Camp Road, Medavakkam, Sholinganallur",,,
T553,Kunnam,Thiruverkadu,"Kumananchavadi, Poonamallee, Irrungattukottai, Sriperumbudur, Sunguvarchatiram",,,
V151,Tambaram East,T. Nagar,"Saidapet, Velachery, Kamatchi Hospital, S.Kolathur, Kovilambakkam, Medavakkam Koot Road, Kamarajapuram, Camp Road",,,
V21,Thiruvanmiyur,Guduvanchery,"SRP, Taramani, Velachery, Kamatchi Hospital, Chromepet, Tambaram",,,
V51,TambaramWest,T. Nagar,"Saidapet, Velachery, Ram Nagar, Madipakkam, Kilkattalai, Medavakkam Koot Road, Kamarajapuram, Camp Road",x,,
V51 cut,Tambaram West,Velachery,"Ram Nagar, Madipakkam, Kilkattalai, Medavakkam Koot Road, Kamarajapuram, Camp Road",,,